source_tree,original_relative_path,action,repository_path,modified_local,size_bytes,sha256,published_sha256,note
hw,246-48p_min/ProDoc_P1_2026-02-02.epro2,included,hardware/projects/core-boards/246-48p-min/ProDoc_P1_2026-02-02.epro2,2026-02-02T06:28:47+08:00,125109,AEF92D78C81E5BBCC4AEF7E7BA89472037CBDC0E73B4132ED30C9BD34260CB49,AEF92D78C81E5BBCC4AEF7E7BA89472037CBDC0E73B4132ED30C9BD34260CB49,246-48p 最小系统工程
hw,246-48p_min/ProDoc_PCB1_2026-02-02.epro2,included,hardware/projects/core-boards/246-48p-min/ProDoc_PCB1_2026-02-02.epro2,2026-02-02T06:47:31+08:00,95905,B5282C2F71840D75DCC645913FF8F854C16E2F2024AE861EEB1DF8A248D3346D,B5282C2F71840D75DCC645913FF8F854C16E2F2024AE861EEB1DF8A248D3346D,246-48p 最小系统工程
hw,5路运算放大器（OPA377+OPA4377).eprj2,omitted,,2026-04-21T23:51:58+08:00,2641920,9F0CC95DBF5DD6769A286FDAF0B6200BE29973930CC4A2537671E770D04C81A3,,原始立创 EDA SQLite 本地库含用户凭据；公开仓库仅接收重新导出的 .epro/.epro2
hw,AI8052U-48核心板-V1.0.eprj2,omitted,,2026-02-02T03:40:15+08:00,5877760,5124F48407A7A58B58F3E69242A9723753A39D9CCB6AA501B113F6F1482BC203,,原始立创 EDA SQLite 本地库含用户凭据；公开仓库仅接收重新导出的 .epro/.epro2
hw,AI8052U-64-furan-0203.eprj2,omitted,,2026-02-09T18:01:40+08:00,7307264,D87946E33A18B50B9DAB70B83596117007DCA89926341E352923C1609F37B24E,,原始立创 EDA SQLite 本地库含用户凭据；公开仓库仅接收重新导出的 .epro/.epro2
hw,AI8052U-64-furan-0203_backup/09a38df9580b46bf87e97675ddf3fe38/AI8052U-64-furan-0203_2026-02-07-16-45.zip,renamed,hardware/history/easyeda/AI8052U-64-furan-0203/AI8052U-64-furan-0203__20260207-164544.zip,2026-02-07T16:45:44+08:00,1394319,BDD78105EEABDB327CA408057901E672F258E38B8E32662EB54173A95AEDF7AE,BDD78105EEABDB327CA408057901E672F258E38B8E32662EB54173A95AEDF7AE,已审计的 EDA 导出/备份；按源修改时间归档; 追加源文件修改时间
hw,AI8052U-64-furan-0203_backup/09a38df9580b46bf87e97675ddf3fe38/AI8052U-64-furan-0203_2026-02-07-18-45.zip,renamed,hardware/history/easyeda/AI8052U-64-furan-0203/AI8052U-64-furan-0203__20260207-184545.zip,2026-02-07T18:45:45+08:00,1395149,3B76DF684E0E0BF0429F0F36A59EF9C04F3D324EB5C26E0AA71E160ACAC93B1D,3B76DF684E0E0BF0429F0F36A59EF9C04F3D324EB5C26E0AA71E160ACAC93B1D,已审计的 EDA 导出/备份；按源修改时间归档; 追加源文件修改时间
hw,AI8052U-64-furan-0203_backup/09a38df9580b46bf87e97675ddf3fe38/AI8052U-64-furan-0203_2026-02-08-19-18.zip,renamed,hardware/history/easyeda/AI8052U-64-furan-0203/AI8052U-64-furan-0203__20260208-191833.zip,2026-02-08T19:18:33+08:00,1374724,5D4A5C32AF926F07DDB4B952D5543C0CA8E7FDFF3BFFEF4D0FDE7A424602C554,5D4A5C32AF926F07DDB4B952D5543C0CA8E7FDFF3BFFEF4D0FDE7A424602C554,已审计的 EDA 导出/备份；按源修改时间归档; 追加源文件修改时间
hw,AI8052U-64-furan-0203_backup/09a38df9580b46bf87e97675ddf3fe38/AI8052U-64-furan-0203_2026-02-08-20-18.zip,renamed,hardware/history/easyeda/AI8052U-64-furan-0203/AI8052U-64-furan-0203__20260208-201833.zip,2026-02-08T20:18:33+08:00,1374872,460EB6462E177F0F8AF05FC1FF191EFA6841C35CA7E278C8F471FEA73DD2B861,460EB6462E177F0F8AF05FC1FF191EFA6841C35CA7E278C8F471FEA73DD2B861,已审计的 EDA 导出/备份；按源修改时间归档; 追加源文件修改时间
hw,AI8052U-64-furan-0203_backup/09a38df9580b46bf87e97675ddf3fe38/AI8052U-64-furan-0203_2026-02-08-21-18.zip,renamed,hardware/history/easyeda/AI8052U-64-furan-0203/AI8052U-64-furan-0203__20260208-211836.zip,2026-02-08T21:18:36+08:00,1369646,695D77CDF1BD5251CC14A0FE95A9F1C106F12FF3A5B8F9B361846757AB09CADB,695D77CDF1BD5251CC14A0FE95A9F1C106F12FF3A5B8F9B361846757AB09CADB,已审计的 EDA 导出/备份；按源修改时间归档; 追加源文件修改时间
hw,AI8052U-64-furan-0209.eprj2,omitted,,2026-03-16T21:52:05+08:00,7401472,322F8838D090CF8673EB764670E14269FC33E79B23FA2AD12C98464526C1AB57,,原始立创 EDA SQLite 本地库含用户凭据；公开仓库仅接收重新导出的 .epro/.epro2
hw,AI8052U-64-furan-0322.eprj2,omitted,,2026-04-06T16:07:03+08:00,9596928,75327C736DF8894ECA02096792B295343B3B33D00A14DE3B9A1A7729BDF68F96,,原始立创 EDA SQLite 本地库含用户凭据；公开仓库仅接收重新导出的 .epro/.epro2
hw,AI8052U-64-furan.eprj2,omitted,,2026-02-08T23:58:27+08:00,6643712,474D87BAECC1691D9512B044782E79510F859ACB5425DF8ACEB7623FEC202AC2,,原始立创 EDA SQLite 本地库含用户凭据；公开仓库仅接收重新导出的 .epro/.epro2
hw,AI8052U-64-furan_backup/09a38df9580b46bf87e97675ddf3fe38/AI8052U-64-furan_2026-02-03-01-58.zip,renamed,hardware/history/easyeda/AI8052U-64-furan/AI8052U-64-furan__20260203-015855.zip,2026-02-03T01:58:55+08:00,1352208,9D976504245E60882753C4C5BEA29713DD1EB5E7677B9376461F1E0B267EB812,9D976504245E60882753C4C5BEA29713DD1EB5E7677B9376461F1E0B267EB812,已审计的 EDA 导出/备份；按源修改时间归档; 追加源文件修改时间
hw,AI8052U-64-furan_backup/09a38df9580b46bf87e97675ddf3fe38/AI8052U-64-furan_2026-02-03-15-59.zip,renamed,hardware/history/easyeda/AI8052U-64-furan/AI8052U-64-furan__20260203-155901.zip,2026-02-03T15:59:01+08:00,1377591,C0EBB80D1C19F6E3EAB527B3F7FAF9D6B1DE694BDDC24CA9E457A4FB23B2C7A0,C0EBB80D1C19F6E3EAB527B3F7FAF9D6B1DE694BDDC24CA9E457A4FB23B2C7A0,已审计的 EDA 导出/备份；按源修改时间归档; 追加源文件修改时间
hw,AI8052U-64-furan_backup/09a38df9580b46bf87e97675ddf3fe38/AI8052U-64-furan_2026-02-03-18-59.zip,renamed,hardware/history/easyeda/AI8052U-64-furan/AI8052U-64-furan__20260203-185903.zip,2026-02-03T18:59:03+08:00,1347026,37A34C11C77189560794E04C3A66018875BC03B0552A6CF6EB1997D2D4C5C762,37A34C11C77189560794E04C3A66018875BC03B0552A6CF6EB1997D2D4C5C762,已审计的 EDA 导出/备份；按源修改时间归档; 追加源文件修改时间
hw,AI8052U-64核心板-V1.0.eprj2,omitted,,2026-02-22T14:21:29+08:00,5840896,47B35F06FC294E20953A9D7B6EA30D6BF34902C37D6415E1C7CCD9DD98C15107,,原始立创 EDA SQLite 本地库含用户凭据；公开仓库仅接收重新导出的 .epro/.epro2
hw,AI8052U-64核心板pt.eprj2,omitted,,2026-03-02T02:10:39+08:00,6303744,5AD2A839639E8748EC33E2D17CE60D1DA5B727A9F214A8AF0B35381F4ACF24B1,,原始立创 EDA SQLite 本地库含用户凭据；公开仓库仅接收重新导出的 .epro/.epro2
hw,AI8052U-64核心板pt_backup/09a38df9580b46bf87e97675ddf3fe38/AI8052U-64核心板pt_2026-02-07-15-39.zip,renamed,hardware/history/easyeda/AI8052U-64核心板pt/AI8052U-64核心板pt__20260207-153944.zip,2026-02-07T15:39:44+08:00,1322369,190163DAC64A34EE92AAB314BC9E2C36A70819D54B39753976105D5D02601047,190163DAC64A34EE92AAB314BC9E2C36A70819D54B39753976105D5D02601047,已审计的 EDA 导出/备份；按源修改时间归档; 追加源文件修改时间
hw,AI8052U-64核心板pt_backup/09a38df9580b46bf87e97675ddf3fe38/AI8052U-64核心板pt_2026-02-07-18-39.zip,omitted,,2026-02-07T18:39:46+08:00,1322368,3B7C9DCF0B94753D64067922B4732C02C66BBAB245D78F15769173AE28A5D221,,容器元数据不同但展开内容与较新版本相同
hw,AI8052U-64核心板pt_backup/09a38df9580b46bf87e97675ddf3fe38/AI8052U-64核心板pt_2026-02-07-22-39.zip,renamed,hardware/history/easyeda/AI8052U-64核心板pt/AI8052U-64核心板pt__20260207-223949.zip,2026-02-07T22:39:49+08:00,1322368,ABBE293B33A629A3B9A08EC3DDE6EBB96F9467FE96735AF138DEEF7203C57944,ABBE293B33A629A3B9A08EC3DDE6EBB96F9467FE96735AF138DEEF7203C57944,已审计的 EDA 导出/备份；按源修改时间归档; 追加源文件修改时间
hw,bom/2BOM_Board1_Schematic1_2025-11-09.xlsx,included,hardware/manufacturing/legacy-bom/2BOM_Board1_Schematic1_2025-11-09.xlsx,2025-11-09T16:22:19+08:00,12537,E3F7A18842D9BDD19FBA1CD31B7017DE1FDA89A3BF2CAA5036793F5D6ABB82FF,1D190F36629BA192075D6CA4B3D719E9255C92D62D15ECD63BEEA145943751B1,历史 BOM; 已清除 OOXML 作者/最后修改者元数据
hw,bom/BOM_Board1_foc_PCB1_2025-11-02.xlsx,included,hardware/manufacturing/legacy-bom/BOM_Board1_foc_PCB1_2025-11-02.xlsx,2025-11-07T01:16:22+08:00,9493,CD82D8C8C2184D010AE8C74ADD710AA8AEBC2F1B2B52D196D5D840D405AEFEA2,FB3C970DCD163C00F43AA736D2AABECCBBC7C5B208B193BF73944E78711EDFCC,历史 BOM; 已清除 OOXML 作者/最后修改者元数据
hw,bom/BOM_Board1_PCB1_2025-11-07.xlsx,included,hardware/manufacturing/legacy-bom/BOM_Board1_PCB1_2025-11-07.xlsx,2025-11-07T01:14:47+08:00,12584,49C2AFB1BD1D2E0FE0100467253AECE26EA1C575555B8E7CA1B4254A5CA523E9,B068EA9916FB56489A626685B3F221B50DF9168AC49D8CAF8814AD5861CD89FB,历史 BOM; 已清除 OOXML 作者/最后修改者元数据
hw,BOM_Board1_PCB2_2026-05-20.xlsx,included,hardware/manufacturing/miscellaneous/BOM_Board1_PCB2_2026-05-20.xlsx,2026-05-20T00:19:37+08:00,9043,A63488AC453416AFC64843A3BA0431630F6FDB35958E4E4055BFEBE940C21D27,64173B833D7B3CEB503313B55DCE4E1AAA254E6E5F8A73F7822CF3EAC038BC96,制造或投板资料; 已清除 OOXML 作者/最后修改者元数据
hw,debug.log,omitted,,2026-04-22T14:24:39+08:00,6813,62D828922BEDFE6B0F9A9091596657D91748A37783BF150541584AC69873DDBA,,调试日志
hw,fulandre-sensor.eprj2,omitted,,2026-04-21T23:46:25+08:00,610304,86D8A72DA52667AF5BECA6293A377702CB097E01BDA0E1AB3F50B704E028F4C0,,原始立创 EDA SQLite 本地库含用户凭据；公开仓库仅接收重新导出的 .epro/.epro2
hw,fulandre-sensor_backup/2aac7155399442578f179cd9f7507029/fulandre-sensor_2026-04-12-17-06.zip,renamed,hardware/history/easyeda/fulandre-sensor/fulandre-sensor__20260412-170606.zip,2026-04-12T17:06:06+08:00,62908,372FFA1862FAF0855A9E5A12D252512E85A677D200DA8EF5DCF07AE9907525C3,372FFA1862FAF0855A9E5A12D252512E85A677D200DA8EF5DCF07AE9907525C3,已审计的 EDA 导出/备份；按源修改时间归档; 追加源文件修改时间
hw,Gerber_PCB1_2025-10-27.zip,included,hardware/manufacturing/miscellaneous/Gerber_PCB1_2025-10-27.zip,2025-10-27T23:47:57+08:00,276465,0D62AFF1FA7C982F3F788B5C9FB0264FDB46DEFCD8EF1AD2EAFF9885ED534C00,0D62AFF1FA7C982F3F788B5C9FB0264FDB46DEFCD8EF1AD2EAFF9885ED534C00,制造或投板资料
hw,lib/ProLib_1pcs_2026-02-02.elibz2,included,hardware/libraries/easyeda/ProLib_1pcs_2026-02-02.elibz2,2026-02-02T05:57:11+08:00,2741,268DAF79C25066AF69D0DAAA701AA75AC45A14328CB677A46B5B3F7086A3BEFE,268DAF79C25066AF69D0DAAA701AA75AC45A14328CB677A46B5B3F7086A3BEFE,立创 EDA 元件库
hw,lib/ProLib_1pcs_2026-02-02R0402.elibz2,included,hardware/libraries/easyeda/ProLib_1pcs_2026-02-02R0402.elibz2,2026-02-02T05:58:18+08:00,2885,524E8809590FA476DA899C1814ADEA2803A35839F3E65A01BA19B944BC856C4F,524E8809590FA476DA899C1814ADEA2803A35839F3E65A01BA19B944BC856C4F,立创 EDA 元件库
hw,minifoc/ProDoc_MiniFOC(N+P)_2026-04-26.epro2,renamed,hardware/projects/motor-control/minifoc/ProDoc_MiniFOC(N+P)_2026-04-26__20260526-125629.epro2,2026-05-26T12:56:29+08:00,278396,0588227142B7468F99577D75115F77C1745AC4754E65EB1CB86212820105D2C1,0588227142B7468F99577D75115F77C1745AC4754E65EB1CB86212820105D2C1,MiniFOC 工程资料; 追加源文件修改时间
hw,minifoc/SCH_原理图N+P_2026-04-26.pdf,included,hardware/projects/motor-control/minifoc/SCH_原理图N+P_2026-04-26.pdf,2026-05-26T12:56:29+08:00,122471,B30ECA2D04A5EE8479890BD404D1A4F81922FC19ABEC834A4F317C8DE38870BE,B30ECA2D04A5EE8479890BD404D1A4F81922FC19ABEC834A4F317C8DE38870BE,MiniFOC 工程资料
hw,minifoc/原理图及PCB(立创EDA专业版打开).zip,omitted,,2026-06-06T13:24:56+08:00,298699,3303269540214584AAB30AF4B077952533A7EE1C6FF977377F0CE4B0C1825AC8,,非制造交付的归档包不进入公开源码树；其解压内容或安全导出已单独整理
hw,n30/5路运算放大器（OPA377+OPA4377).eprj2,omitted,,2026-05-08T16:37:12+08:00,2641920,CBE66BE3917C693B1D5E4A302035C8FFF62C9E5EA34F2D664FE0C83E0D5DC8EC,,原始立创 EDA SQLite 本地库含用户凭据；公开仓库仅接收重新导出的 .epro/.epro2
hw,n30/AI8052U-64-furan-0209 (1).eprj2,omitted,,2026-05-08T17:37:42+08:00,11694080,8B7E18352E3F8759B09F9D6D5396B651EFF5F7FF844559E1366CD4D3FCA6282B,,原始立创 EDA SQLite 本地库含用户凭据；公开仓库仅接收重新导出的 .epro/.epro2
hw,n30/AI8052U-64-furan-0209 (1)_backup/AI8052U-64-furan-0209 (1)_2026-05-08-17-37.epro2,renamed,hardware/history/easyeda/AI8052U-64-furan-0209 (1)/AI8052U-64-furan-0209 (1)__20260508-173740.epro2,2026-05-08T17:37:40+08:00,1981930,57D7F42667CC654768EE5780DAE5C99C55FD68D9D411766053F44AC40C19574E,57D7F42667CC654768EE5780DAE5C99C55FD68D9D411766053F44AC40C19574E,已审计的 EDA 导出/备份；按源修改时间归档; 追加源文件修改时间
hw,n30/AI8052U-64-furan-0209 (1)_backup/AI8052U-64-furan-0209 (1)_2026-05-08-22-37.epro2,renamed,hardware/history/easyeda/AI8052U-64-furan-0209 (1)/AI8052U-64-furan-0209 (1)__20260508-223744.epro2,2026-05-08T22:37:44+08:00,1981947,467EE6108F1A0C4AFB4378960A459CCB1597A75310BD89AD72161F8676A6C2EE,467EE6108F1A0C4AFB4378960A459CCB1597A75310BD89AD72161F8676A6C2EE,已审计的 EDA 导出/备份；按源修改时间归档; 追加源文件修改时间
hw,n30/主板支架.dwg,renamed,hardware/mechanical-interfaces/n30/n30主板支架__20260508-173342.dwg,2026-05-08T17:33:42+08:00,20736,5EE0383427995CEC50FF15CD40F0F14C0EBD360A29459826617653FD2CA19A2F,5EE0383427995CEC50FF15CD40F0F14C0EBD360A29459826617653FD2CA19A2F,主板机械接口；文件名记录源修改时间
hw,n30pro/5路运算放大器（OPA377+OPA4377).eprj2,omitted,,2026-07-15T00:19:50+08:00,3092480,018A70D8E26D17FBF1955A842ACD77F4791C39084A95D2BDB6560BB5127A9648,,原始立创 EDA SQLite 本地库含用户凭据；公开仓库仅接收重新导出的 .epro/.epro2
hw,n30pro/5路运算放大器（OPA377+OPA4377)_backup/5路运算放大器（OPA377+OPA4377)_2026-07-16-05-22.epro2,renamed,hardware/history/easyeda/5路运算放大器（OPA377+OPA4377)/5路运算放大器（OPA377+OPA4377)__20260716-052206.epro2,2026-07-16T05:22:06+08:00,384070,0AE10B28ADB44D9633178A7FDF49D6381EA5817B218E3CDFEF15C1C4BBE468D9,0AE10B28ADB44D9633178A7FDF49D6381EA5817B218E3CDFEF15C1C4BBE468D9,已审计的 EDA 导出/备份；按源修改时间归档; 追加源文件修改时间
hw,n30pro/5路运算放大器（OPA377+OPA4377)_backup/671c48f351a041d8ae2680c8696138d0/5路运算放大器（OPA377+OPA4377)_2026-05-05-13-41.zip,renamed,hardware/history/easyeda/5路运算放大器（OPA377+OPA4377)/5路运算放大器（OPA377+OPA4377)__20260505-134102.zip,2026-05-05T13:41:02+08:00,383633,E306BD2640C3344A871278F84C03D63826FA99FCB97CC2649DD114184691FF9A,E306BD2640C3344A871278F84C03D63826FA99FCB97CC2649DD114184691FF9A,已审计的 EDA 导出/备份；按源修改时间归档; 追加源文件修改时间
hw,n30pro/AI8052U-64-furan-0322.eprj2,omitted,,2026-06-10T21:36:59+08:00,12390400,1BFCF8373DB4F3862F3928FAB71D27D1F4E2705DA9A6B08FDC81D89057E9961B,,原始立创 EDA SQLite 本地库含用户凭据；公开仓库仅接收重新导出的 .epro/.epro2
hw,n30pro/AI8052U-64-furan-0322_backup/09a38df9580b46bf87e97675ddf3fe38/AI8052U-64-furan-0322_2026-05-01-18-40.zip,renamed,hardware/history/easyeda/AI8052U-64-furan-0322/AI8052U-64-furan-0322__20260501-184017.zip,2026-05-01T18:40:17+08:00,1873939,5D12ED2711460E2E776B61DC81D4E36D4182505754A3A3C746676239151E29C5,5D12ED2711460E2E776B61DC81D4E36D4182505754A3A3C746676239151E29C5,已审计的 EDA 导出/备份；按源修改时间归档; 追加源文件修改时间
hw,n30pro/AI8052U-64-furan-0322_backup/09a38df9580b46bf87e97675ddf3fe38/AI8052U-64-furan-0322_2026-05-01-23-40.zip,renamed,hardware/history/easyeda/AI8052U-64-furan-0322/AI8052U-64-furan-0322__20260501-234021.zip,2026-05-01T23:40:21+08:00,1924606,3927154737BAEF5BC9E81A13680DD254A0470B16D5C0B59B3B2491D8505CF9FF,3927154737BAEF5BC9E81A13680DD254A0470B16D5C0B59B3B2491D8505CF9FF,已审计的 EDA 导出/备份；按源修改时间归档; 追加源文件修改时间
hw,n30pro/AI8052U-64-furan-0322_backup/09a38df9580b46bf87e97675ddf3fe38/AI8052U-64-furan-0322_2026-05-02-15-40.zip,renamed,hardware/history/easyeda/AI8052U-64-furan-0322/AI8052U-64-furan-0322__20260502-154026.zip,2026-05-02T15:40:26+08:00,1934708,25DC717CC79507ABD63ABE653BB82D1780AF471E213E304E0A776BF5E89C1E72,25DC717CC79507ABD63ABE653BB82D1780AF471E213E304E0A776BF5E89C1E72,已审计的 EDA 导出/备份；按源修改时间归档; 追加源文件修改时间
hw,n30pro/AI8052U-64-furan-0322_backup/09a38df9580b46bf87e97675ddf3fe38/AI8052U-64-furan-0322_2026-05-02-17-40.zip,renamed,hardware/history/easyeda/AI8052U-64-furan-0322/AI8052U-64-furan-0322__20260502-174027.zip,2026-05-02T17:40:27+08:00,1937836,01D64096DE60BAC34F1A841627D71731D5187424D37914EF98ED083A1D702A9A,01D64096DE60BAC34F1A841627D71731D5187424D37914EF98ED083A1D702A9A,已审计的 EDA 导出/备份；按源修改时间归档; 追加源文件修改时间
hw,n30pro/AI8052U-64-furan-0322_backup/AI8052U-64-furan-0322_2026-05-21-22-49.epro2,renamed,hardware/history/easyeda/AI8052U-64-furan-0322/AI8052U-64-furan-0322__20260521-224928.epro2,2026-05-21T22:49:28+08:00,1955827,74D4713A2D7CB04352516A3A3C6FC47FB64A6910D4D35D051BEB074AEF61CCF7,74D4713A2D7CB04352516A3A3C6FC47FB64A6910D4D35D051BEB074AEF61CCF7,已审计的 EDA 导出/备份；按源修改时间归档; 追加源文件修改时间
hw,n30pro/AI8052U-64-furan-0322_backup/AI8052U-64-furan-0322_2026-05-21-23-49.epro2,renamed,hardware/history/easyeda/AI8052U-64-furan-0322/AI8052U-64-furan-0322__20260521-234932.epro2,2026-05-21T23:49:32+08:00,1970675,B19FD54C187589A77D2919AF8D16BF5E1A1CBCA896BF074F35EA81AE786F0568,B19FD54C187589A77D2919AF8D16BF5E1A1CBCA896BF074F35EA81AE786F0568,已审计的 EDA 导出/备份；按源修改时间归档; 追加源文件修改时间
hw,n30pro/AI8052U-64-furan-0322_backup/AI8052U-64-furan-0322_2026-05-22-00-49.epro2,renamed,hardware/history/easyeda/AI8052U-64-furan-0322/AI8052U-64-furan-0322__20260522-004935.epro2,2026-05-22T00:49:35+08:00,1974372,5C9283C3F653DD3B63C6081B11F4533F86C709307CF5AD9A2D65FE7CD5778C42,5C9283C3F653DD3B63C6081B11F4533F86C709307CF5AD9A2D65FE7CD5778C42,已审计的 EDA 导出/备份；按源修改时间归档; 追加源文件修改时间
hw,n30pro/AI8052U-64-furan-0322_backup/AI8052U-64-furan-0322_2026-05-22-01-49.epro2,renamed,hardware/history/easyeda/AI8052U-64-furan-0322/AI8052U-64-furan-0322__20260522-014930.epro2,2026-05-22T01:49:30+08:00,2005936,AA692DF5E63777742AADF718F6AA30717433F340F663140753B7D1D923C8CE5C,AA692DF5E63777742AADF718F6AA30717433F340F663140753B7D1D923C8CE5C,已审计的 EDA 导出/备份；按源修改时间归档; 追加源文件修改时间
hw,n30pro/AI8052U-64-furan-0322_backup/AI8052U-64-furan-0322_2026-05-22-03-49.epro2,renamed,hardware/history/easyeda/AI8052U-64-furan-0322/AI8052U-64-furan-0322__20260522-034932.epro2,2026-05-22T03:49:32+08:00,2011502,93A4187882EE670DC08FF6884E06507256D2B42E54D324111363E19DCC7501D1,93A4187882EE670DC08FF6884E06507256D2B42E54D324111363E19DCC7501D1,已审计的 EDA 导出/备份；按源修改时间归档; 追加源文件修改时间
hw,n30pro/AI8052U-64-furan-0322_backup/AI8052U-64-furan-0322_2026-05-26-03-35.epro2,renamed,hardware/history/easyeda/AI8052U-64-furan-0322/AI8052U-64-furan-0322__20260526-033540.epro2,2026-05-26T03:35:40+08:00,2012907,D8914A096168853CADEC41E13330B19F6CCA1EC2394566AE427B8A09B77C97DF,D8914A096168853CADEC41E13330B19F6CCA1EC2394566AE427B8A09B77C97DF,已审计的 EDA 导出/备份；按源修改时间归档; 追加源文件修改时间
hw,n30pro/debug.log,omitted,,2026-07-21T07:54:43+08:00,3235780,21B3792B0C11329B14628FE3F86DD007211A471743A6D190C466BE89820B6C39,,调试日志
hw,n30pro/n30pro.zip,omitted,,2026-06-10T22:31:38+08:00,30265471,29B0B6D7ABF46ACA47A5C3CFE96D53DCFD7C329458493038D5F96FB66BF3144C,,已解压项目集合的重复归档
hw,n30pro/n30主板支架.step.dxf,renamed,hardware/mechanical-interfaces/n30/n30主板支架__20260429-223911.dxf,2026-04-29T22:39:11+08:00,163927,A90EBF36BA882EE05EED80C3CBFACAA187B58C1E82CB7CF530E407E060C2A09E,B54AB7E9DB74F1746CC2F9B99C31971FC9B55F776B6EE8E3D3B73E4181E9D846,主板机械接口；文件名记录源修改时间; 追加源文件修改时间; 已清除 DXF $FILENAME 绝对源路径
hw,n30pro/ProDoc_MiniFOC(N+P)_2026-04-26.epro2,deduplicated,hardware/projects/motor-control/minifoc/ProDoc_MiniFOC(N+P)_2026-04-26__20260526-125629.epro2,2026-05-26T12:56:29+08:00,278396,0588227142B7468F99577D75115F77C1745AC4754E65EB1CB86212820105D2C1,,与 MiniFOC 发布文件展开内容相同，仅容器元数据不同
hw,n30pro/ProPrj_电磁挖孔仿逐飞1比1.epro2,omitted,,2026-03-04T19:42:55+08:00,1402281,17FF3E0A71DAAEFA8BD679639D45E0AA1301E46CE6F3D017E98F26500CE90F8D,,文件名表明是第三方 1:1 仿制工程，公开再分发授权未确认
hw,PCB_0526-PCB2_2026-06-03.pdf,included,hardware/manufacturing/miscellaneous/PCB_0526-PCB2_2026-06-03.pdf,2026-06-03T22:31:07+08:00,713237,6824C50A2191ABA1697613FD93F61778FE70D41F4D47137F765CD54307B393F8,6824C50A2191ABA1697613FD93F61778FE70D41F4D47137F765CD54307B393F8,制造或投板资料
hw,ProPrj_bmi270陀螺仪11_2026-03-13.epro2,included,hardware/projects/sensors-and-analog/ProPrj_bmi270陀螺仪11_2026-03-13.epro2,2026-05-09T12:11:20+08:00,214852,79E151AA9CE46E7DF2111B9C406986CCF08986A2C25983E55FF32BBCAE02654D,79E151AA9CE46E7DF2111B9C406986CCF08986A2C25983E55FF32BBCAE02654D,EDA 工程
hw,ProPrj_iot-furandoru-mainboard_2025-10-20.epro,included,hardware/projects/integration-and-power/ProPrj_iot-furandoru-mainboard_2025-10-20.epro,2025-10-20T22:32:46+08:00,149154,DEB747F2B0D156B6E131859FA28B7304BA1547DEDAAFFCF27E1DDDC1781B0E42,DEB747F2B0D156B6E131859FA28B7304BA1547DEDAAFFCF27E1DDDC1781B0E42,EDA 工程
hw,ProPrj_iot-furandoru-mainboard_2025-10-23.epro,included,hardware/projects/integration-and-power/ProPrj_iot-furandoru-mainboard_2025-10-23.epro,2025-10-23T21:48:33+08:00,370149,E08FAA247B5299A4A1C2EC982C454A758FE7020F383523B8132ED6B02D552F24,E08FAA247B5299A4A1C2EC982C454A758FE7020F383523B8132ED6B02D552F24,EDA 工程
hw,ProPrj_TPS54302的5V输出电路设计_2026-05-22.epro2,included,hardware/projects/integration-and-power/ProPrj_TPS54302的5V输出电路设计_2026-05-22.epro2,2026-05-22T00:50:03+08:00,47142,FCC7CD4E2FA9E1B30F3E20F5DDEFA902E725202DDEB721A677084E1C8507FA20,FCC7CD4E2FA9E1B30F3E20F5DDEFA902E725202DDEB721A677084E1C8507FA20,EDA 工程
hw,ProPrj_电磁挖孔仿逐飞1比1.epro2,omitted,,2026-03-04T19:42:55+08:00,1402281,17FF3E0A71DAAEFA8BD679639D45E0AA1301E46CE6F3D017E98F26500CE90F8D,,文件名表明是第三方 1:1 仿制工程，公开再分发授权未确认
hw,SL27517.eprj2,omitted,,2026-04-12T18:28:39+08:00,606208,F5D64F8656332897DA2C95EAFD4FA07526C16FCA41CF9EB21DE6BCB571EECBDE,,原始立创 EDA SQLite 本地库含用户凭据；公开仓库仅接收重新导出的 .epro/.epro2
hw,SL27517_backup/3c63afe58be64a7998f3264b1b7f182a/SL27517_2026-04-12-21-28.zip,renamed,hardware/history/easyeda/SL27517/SL27517__20260412-212839.zip,2026-04-12T21:28:39+08:00,95186,535BDCD7F92519AFB2BE698444427A1BEBA44091C39B6F4E3FF00324526D873D,535BDCD7F92519AFB2BE698444427A1BEBA44091C39B6F4E3FF00324526D873D,已审计的 EDA 导出/备份；按源修改时间归档; 追加源文件修改时间
hw,Slkor-SL27517.PDF,included,hardware/docs/datasheets/Slkor-SL27517.PDF,2026-04-12T20:04:33+08:00,785465,BBE68A20DFF0C7258B19C8311540525105BF27636E7D8589D4ED8C2CA24E3BA8,BBE68A20DFF0C7258B19C8311540525105BF27636E7D8589D4ED8C2CA24E3BA8,硬件参考文档
hw,STC16F 主板V2.3 集成封装库.7z,omitted,,2025-10-22T20:33:10+08:00,2026817,85CFAAF86A3D3999ACA0308EA48C60E693AD07CF0CFE6C54D687C71F2C8085A8,,已解压库的重复归档
hw,STC32G144K246主板V1.0原理图.pdf,included,hardware/docs/schematics/STC32G144K246主板V1.0原理图.pdf,2026-02-03T02:44:56+08:00,410370,8C4011041FD350F154B18C1751E243DE403B67910DF95F437D8B7A2EE4FDA10D,8C4011041FD350F154B18C1751E243DE403B67910DF95F437D8B7A2EE4FDA10D,硬件参考文档
hw,STC32G_CoreBoard_V2.1.pdf,included,hardware/docs/schematics/STC32G_CoreBoard_V2.1.pdf,2025-10-23T01:09:33+08:00,250396,8F35CDAA4CE3F9479653133E0F77842E4E3B8BFF9BDDD7E2B5D0CF3EA7BCAB4A,8F35CDAA4CE3F9479653133E0F77842E4E3B8BFF9BDDD7E2B5D0CF3EA7BCAB4A,硬件参考文档
hw,STC32G_缩微主板_V1.0 (1).pdf,included,hardware/docs/schematics/STC32G_缩微主板_V1.0 (1).pdf,2026-04-12T20:03:49+08:00,340721,BF75D227181495C9B4F4828530C207DA733392745B25EA6ADE4FA9A6A2B6EFCF,BF75D227181495C9B4F4828530C207DA733392745B25EA6ADE4FA9A6A2B6EFCF,硬件参考文档
hw,STC8H&16F&32G_主板_V3.1.7z,omitted,,2025-10-22T20:34:02+08:00,2638026,B7B23A527BBBC51241F95552F6B6E5140258BBB995B02FE4FF704E6624594CC6,,已解压库的重复归档
hw,STC8H&16F&32G_主板_V3.1.pdf,included,hardware/docs/schematics/STC8H&16F&32G_主板_V3.1.pdf,2025-10-22T20:26:57+08:00,6375004,A3A9EE9DC7614BAD10FAF432EC119CB6148ED4E694ADF8148920BD618E5F0267,A3A9EE9DC7614BAD10FAF432EC119CB6148ED4E694ADF8148920BD618E5F0267,硬件参考文档
hw,STC8H&16F&32G_主板_V3.1/STC8H&16F&32G_主板_V3.1.PcbLib,omitted,,2025-01-21T15:43:09+08:00,3091968,F68E29C0BD9A4F9FF332F17F9292109E4AA0784C2B9461FCC9B11EE2A37E7AB9,,Altium 库嵌有本地绝对用户路径且未附独立再分发许可
hw,STC8H&16F&32G_主板_V3.1/STC8H&16F&32G_主板_V3.1.SCHLIB,omitted,,2025-01-21T15:43:46+08:00,303104,ECABCD030B06C09ACB6D0EB3561CF891311432244A0C52770F069270D9C49FF6,,Altium 库嵌有本地绝对用户路径且未附独立再分发许可
hw,STC8H&16F&32G_主板_V3.1/STC8H&16F&32G_主板_V3.1.zip,omitted,,2025-10-22T20:38:03+08:00,2815614,143F3CE7BFE3182D52B3EE7D01C26763E756A23AF08BEA67CA42BD6E81BBAD34,,已解压库的重复归档
hw,stc无刷电调.eprj2,omitted,,2026-05-11T12:55:42+08:00,2269184,FDBCEB583A7ADB2D2A0B20D8D4C0CB16220EFA325A66986DC179CCF7232DB913,,原始立创 EDA SQLite 本地库含用户凭据；公开仓库仅接收重新导出的 .epro/.epro2
hw,stc无刷电调_backup/stc无刷电调_2026-05-11-22-25.epro2,omitted,,2026-05-11T22:25:28+08:00,523854,D7A8247480C371E0CF12449298548E4BB6E553775C580D05076E0F33EE4E7DE3,,容器元数据不同但展开内容与较新版本相同
hw,stc无刷电调_backup/stc无刷电调_2026-05-12-03-25.epro2,renamed,hardware/history/easyeda/stc无刷电调/stc无刷电调__20260512-032530.epro2,2026-05-12T03:25:30+08:00,523854,A040FED468FF70E8947F711415AFCBE270035F4E3A377A5501584AA574A11543,A040FED468FF70E8947F711415AFCBE270035F4E3A377A5501584AA574A11543,已审计的 EDA 导出/备份；按源修改时间归档; 追加源文件修改时间
hw,【封装】STC16F 主板V2.3 集成封装库/STC8H&16F&32G_主板_V2.3.PcbLib,omitted,,2023-11-28T16:37:08+08:00,2444800,B8ACDDE5A0DD39A395183230273D893C7E1EE0DCE20934CDCEFADDA8A7CD0DF2,,Altium 库嵌有本地绝对用户路径且未附独立再分发许可
hw,【封装】STC16F 主板V2.3 集成封装库/STC8H&16F&32G_主板_V2.3.SCHLIB,omitted,,2023-11-28T16:36:43+08:00,284160,543BFA13CFA6456DBE55ADA32247059FA3E769B634EAAC054C4C932C858C7CB2,,Altium 库嵌有本地绝对用户路径且未附独立再分发许可
hw,【封装】STC16F 主板V2.3 集成封装库/【封装】STC16F 主板V2.3 集成封装库.zip,omitted,,2025-10-22T20:34:43+08:00,2192700,9103BD378485FB244F3E38B2FD0A25495BFD0EB20273860BF01F7645CB844815,,已解压库的重复归档
hw,差分电磁放大/PCB下单文件/BOM_Board1_PCB1_2026-05-06.xlsx,included,hardware/projects/differential-amplifier/manufacturing/BOM_Board1_PCB1_2026-05-06.xlsx,2026-05-26T02:57:50+08:00,7979,D8B66827B6D4BD27F6840115BD82D4B5A3DF66528069B47EEAA94F75BBF8F16A,56D48A4936C81477FD34F61BB5CAA5D5E74C16A83A43CCEFC342ED9FF40878EC,差分放大板制造文件; 已清除 OOXML 作者/最后修改者元数据
hw,差分电磁放大/PCB下单文件/Gerber_MUX_EMF_2026-05-06.zip,included,hardware/projects/differential-amplifier/manufacturing/Gerber_MUX_EMF_2026-05-06.zip,2026-05-26T02:57:50+08:00,66973,3332204F76F11C571DD7A8E2E5D2F6D2444962F5F22F14C1EFAD092A52F34347,3332204F76F11C571DD7A8E2E5D2F6D2444962F5F22F14C1EFAD092A52F34347,差分放大板制造文件
hw,差分电磁放大/PCB下单文件/PickAndPlace_PCB1_2026_05_06.xlsx,included,hardware/projects/differential-amplifier/manufacturing/PickAndPlace_PCB1_2026_05_06.xlsx,2026-05-26T02:57:50+08:00,8554,9126B8722846C414FFE6C99CF6831C8C0E83938D70487E1EE57DCD72F0C31666,6022AF9F7960F69AB6248252D88B0FB24B8EC1336A8099231DCC410DD4A10673,差分放大板制造文件; 已清除 OOXML 作者/最后修改者元数据
hw,差分电磁放大/差分电磁放大.zip,omitted,,2026-06-06T13:24:04+08:00,4176005,CECA34F2157CA5CA6029003893EB200A590D2BEDE649D0BC7327C937B34FCBDB,,非制造交付的归档包不进入公开源码树；其解压内容或安全导出已单独整理
hw,差分电磁放大/开源代码/MUX_EMF/Listings/adc.lst,omitted,,2026-05-26T02:57:49+08:00,4127,B34F025ED1A5E65434506975714F8CEEA8DD5B3FD535F9C3A791A71F213B99E0,,Keil 生成目录
hw,差分电磁放大/开源代码/MUX_EMF/Listings/clock.lst,omitted,,2026-05-26T02:57:49+08:00,3063,E7B2272CBEAFFF01FCDBD961A76A6DD74B48D30055CD52DF619C17A24538FE8D,,Keil 生成目录
hw,差分电磁放大/开源代码/MUX_EMF/Listings/main.lst,omitted,,2026-05-26T02:57:49+08:00,9077,AD7283DB6B6C7A60001330F791DA9E2309004E9199C16D2735E07CD468537801,,Keil 生成目录
hw,差分电磁放大/开源代码/MUX_EMF/Listings/MUX_EMF.m51,omitted,,2026-05-26T02:57:48+08:00,22943,A278A8073D750C9F7BF2220846C4950227BCAF0A4918239752838907E75B723B,,Keil 生成目录
hw,差分电磁放大/开源代码/MUX_EMF/Listings/port.lst,omitted,,2026-05-26T02:57:48+08:00,4561,47534D6F12DFC515CC4832B3A8DC38CE676D8250AC896B57A9DA545310156A86,,Keil 生成目录
hw,差分电磁放大/开源代码/MUX_EMF/Listings/uart.lst,omitted,,2026-05-26T02:57:48+08:00,8231,81F3B61270BD65311AE5AB9CCDDFA21DCFEE34AB1D3D5402FF5C606CAA6CB9E7,,Keil 生成目录
hw,差分电磁放大/开源代码/MUX_EMF/MUX_EMF.aic,omitted,,2026-05-26T02:57:50+08:00,38033,5618AC38B35D835D9978C2EF0FD10EACBD45FA6AEEF06B5F0A4095AEC5E4D864,,非必需的本地工具配置
hw,差分电磁放大/开源代码/MUX_EMF/MUX_EMF.uvgui.王昱顺,omitted,,2026-05-26T02:57:50+08:00,92888,AAD9B994518B8C11A59EB1B5BE1DA11931ADCBB916776EF668EF7C6E44348479,,Keil 用户状态文件
hw,差分电磁放大/开源代码/MUX_EMF/MUX_EMF.uvopt,omitted,,2026-05-26T02:57:49+08:00,7791,FDA2A62A5311860122907573B32F7022ECF778B9D6FDFA79D975BE9DD6EF907C,,Keil 用户状态文件
hw,差分电磁放大/开源代码/MUX_EMF/MUX_EMF.uvproj,included,hardware/projects/differential-amplifier/firmware/MUX_EMF.uvproj,2026-05-26T02:57:49+08:00,15075,287DC02E16AB5293C048B666AA8BAEFB50B1D4A4E801BE8D4AFC1ABE58A5C2AE,287DC02E16AB5293C048B666AA8BAEFB50B1D4A4E801BE8D4AFC1ABE58A5C2AE,MUX_EMF 固件源码
hw,差分电磁放大/开源代码/MUX_EMF/Objects/adc.obj,omitted,,2026-05-26T02:57:50+08:00,248212,BB9207F5973C2760749964F5E456F7539F7EBC3DCEC25622095B5FF5A7997F0E,,Keil 生成目录
hw,差分电磁放大/开源代码/MUX_EMF/Objects/clock.obj,omitted,,2026-05-26T02:57:51+08:00,246926,C8717918218B23BED95D18A308364E786F8D53C5525A206192EED71BB30FC2B8,,Keil 生成目录
hw,差分电磁放大/开源代码/MUX_EMF/Objects/main.obj,omitted,,2026-05-26T02:57:51+08:00,255357,635F7DE21D343D104C4B59C4BA908ADA2D3BC8EFEBE5CFA0234921D1DD1E87B2,,Keil 生成目录
hw,差分电磁放大/开源代码/MUX_EMF/Objects/MUX_EMF,omitted,,2026-05-26T02:57:50+08:00,1250722,F163E570B90EC4DA034B1EA974201E5C8A261A9B0A5040D241C1F74FACD14B0D,,Keil 生成目录
hw,差分电磁放大/开源代码/MUX_EMF/Objects/MUX_EMF.build_log.htm,omitted,,2026-05-26T02:57:51+08:00,1021,DF9D60EAA60CF6FA4F54236FD831DF76784AFDF972676865EF99687E711C0C92,,Keil 生成目录
hw,差分电磁放大/开源代码/MUX_EMF/Objects/MUX_EMF.hex,omitted,,2026-05-26T02:57:51+08:00,6020,CB6078DE76B637CD6D14393206E09E0FD51B7076054C8A63E411310840934807,,Keil 生成目录
hw,差分电磁放大/开源代码/MUX_EMF/Objects/MUX_EMF.lnp,omitted,,2026-05-26T02:57:51+08:00,209,F215E7229F4CD76086912C76CAE5D62AA570334FB33D34C7CF58C95748E26400,,Keil 生成目录
hw,差分电磁放大/开源代码/MUX_EMF/Objects/port.obj,omitted,,2026-05-26T02:57:51+08:00,249048,0DA2307FD77C9831922044163F7D8141D63E24A649EECC0D893877924DE5E845,,Keil 生成目录
hw,差分电磁放大/开源代码/MUX_EMF/Objects/uart.obj,omitted,,2026-05-26T02:57:51+08:00,251754,1AE596CA9422BD37C406FD3FA7346AD6B70D225C309537BE6E666ED261A4FD2B,,Keil 生成目录
hw,差分电磁放大/开源代码/MUX_EMF/Sources/adc.c,included,hardware/projects/differential-amplifier/firmware/Sources/adc.c,2026-05-26T03:16:17+08:00,2326,A02E81DE5E5B7C6131DA4F1EF8E2CDECBDD19A4BD7C4C98F259E8E04D9A7A986,A02E81DE5E5B7C6131DA4F1EF8E2CDECBDD19A4BD7C4C98F259E8E04D9A7A986,MUX_EMF 固件源码
hw,差分电磁放大/开源代码/MUX_EMF/Sources/clock.c,included,hardware/projects/differential-amplifier/firmware/Sources/clock.c,2026-05-26T03:15:12+08:00,1474,5FF95720D064DFBAFC22462C4899860B82C03E878A7C983801C0220B3BE7FC89,5FF95720D064DFBAFC22462C4899860B82C03E878A7C983801C0220B3BE7FC89,MUX_EMF 固件源码
hw,差分电磁放大/开源代码/MUX_EMF/Sources/inc/adc.h,included,hardware/projects/differential-amplifier/firmware/Sources/inc/adc.h,2026-05-26T02:57:51+08:00,737,2FAC6E5529E8828307C54DCAB0C2CD017974885B067A1A6D9C167349411E78B3,2FAC6E5529E8828307C54DCAB0C2CD017974885B067A1A6D9C167349411E78B3,MUX_EMF 固件源码
hw,差分电磁放大/开源代码/MUX_EMF/Sources/inc/clock.h,included,hardware/projects/differential-amplifier/firmware/Sources/inc/clock.h,2026-05-26T02:57:51+08:00,521,31C75B98FB222034EFE65A7051DE69202708F8DCDB08A2456EC5345AFACA037E,31C75B98FB222034EFE65A7051DE69202708F8DCDB08A2456EC5345AFACA037E,MUX_EMF 固件源码
hw,差分电磁放大/开源代码/MUX_EMF/Sources/inc/config.h,included,hardware/projects/differential-amplifier/firmware/Sources/inc/config.h,2026-05-26T03:13:03+08:00,1217,987DD55E66369004AC99B94F30CA36B5FD2223975F73A2C2B3790C3D898EFC03,987DD55E66369004AC99B94F30CA36B5FD2223975F73A2C2B3790C3D898EFC03,MUX_EMF 固件源码
hw,差分电磁放大/开源代码/MUX_EMF/Sources/inc/def.h,included,hardware/projects/differential-amplifier/firmware/Sources/inc/def.h,2026-05-26T02:57:51+08:00,4270,1CA40363DE8AF318DA17018183CA741AC511D8D93CF9BE385C80D457341659FF,1CA40363DE8AF318DA17018183CA741AC511D8D93CF9BE385C80D457341659FF,MUX_EMF 固件源码
hw,差分电磁放大/开源代码/MUX_EMF/Sources/inc/port.h,included,hardware/projects/differential-amplifier/firmware/Sources/inc/port.h,2026-05-26T02:57:51+08:00,544,22D6B95CD51F7C362091BE30267338BA353377D93E3AA0E569E7F87AF18C096F,22D6B95CD51F7C362091BE30267338BA353377D93E3AA0E569E7F87AF18C096F,MUX_EMF 固件源码
hw,差分电磁放大/开源代码/MUX_EMF/Sources/inc/stc8h_def.h,included,hardware/projects/differential-amplifier/firmware/Sources/inc/stc8h_def.h,2026-05-26T02:57:52+08:00,185935,2873BAEBE0414F98CAED5BAFB298A14C3222D9327FEB2A999752F4A946A1A3C6,2873BAEBE0414F98CAED5BAFB298A14C3222D9327FEB2A999752F4A946A1A3C6,MUX_EMF 固件源码
hw,差分电磁放大/开源代码/MUX_EMF/Sources/inc/uart.h,included,hardware/projects/differential-amplifier/firmware/Sources/inc/uart.h,2026-05-26T02:57:52+08:00,974,E07D7EC4E2CC30D24E266A8EDBB1FD6E2A0807C1EFDFCA93C24E7E189BF45CA6,E07D7EC4E2CC30D24E266A8EDBB1FD6E2A0807C1EFDFCA93C24E7E189BF45CA6,MUX_EMF 固件源码
hw,差分电磁放大/开源代码/MUX_EMF/Sources/main.c,included,hardware/projects/differential-amplifier/firmware/Sources/main.c,2026-05-26T03:09:32+08:00,5774,6B321935069E3CEA51E5DD2A5F7B7D386D7F854981B885DAEC10266D2D859134,6B321935069E3CEA51E5DD2A5F7B7D386D7F854981B885DAEC10266D2D859134,MUX_EMF 固件源码
hw,差分电磁放大/开源代码/MUX_EMF/Sources/port.c,included,hardware/projects/differential-amplifier/firmware/Sources/port.c,2026-05-26T03:13:33+08:00,2721,DA87C83A1F7EE702D9BA4FC3A1DF3D8132C5C5E71480EC0233E2C3E0B796761C,DA87C83A1F7EE702D9BA4FC3A1DF3D8132C5C5E71480EC0233E2C3E0B796761C,MUX_EMF 固件源码
hw,差分电磁放大/开源代码/MUX_EMF/Sources/uart.c,included,hardware/projects/differential-amplifier/firmware/Sources/uart.c,2026-05-26T03:12:00+08:00,5521,2340D8024BBBB792298A04F03F1D11AFC7DDA09485A88CBC1E7BFF421F5FDE8C,2340D8024BBBB792298A04F03F1D11AFC7DDA09485A88CBC1E7BFF421F5FDE8C,MUX_EMF 固件源码
hw,差分电磁放大/开源工程（立创EDA专业版导入）/ProPrj_MUX_EMF 测试版_2026-05-06.epro2,renamed,hardware/projects/differential-amplifier/easyeda/ProPrj_MUX_EMF 测试版_2026-05-06__20260526-025748.epro2,2026-05-26T02:57:48+08:00,410034,FEE7B458092D93A2A3923629E7E1FFFC386B242FBEC776A95CA3EE4871A6D4B7,FEE7B458092D93A2A3923629E7E1FFFC386B242FBEC776A95CA3EE4871A6D4B7,差分放大板 EDA 工程; 追加源文件修改时间
hw,差分电磁放大/技术手册/FSUSB42MUX.pdf,included,hardware/projects/differential-amplifier/docs/datasheets/FSUSB42MUX.pdf,2026-05-26T02:57:51+08:00,2056005,C48130C621F5C276256CBBF99716BD4F69AAF3FDD6456A66D0737EFB971E5677,C48130C621F5C276256CBBF99716BD4F69AAF3FDD6456A66D0737EFB971E5677,差分放大板参考资料
hw,差分电磁放大/技术手册/ina827.pdf,included,hardware/projects/differential-amplifier/docs/datasheets/ina827.pdf,2026-05-26T02:57:51+08:00,1310485,423ED80A7C5B1ED92DCF74793A836B1CBE8D1A9E208D65C273801BEE80B014EB,423ED80A7C5B1ED92DCF74793A836B1CBE8D1A9E208D65C273801BEE80B014EB,差分放大板参考资料
hw,差分电磁放大/技术手册/LRB521S 肖特基二极管.pdf,included,hardware/projects/differential-amplifier/docs/datasheets/LRB521S 肖特基二极管.pdf,2026-05-26T02:57:50+08:00,715538,37CF021AC6B4A99903C547616E8A5683380D6EE1864BF836F881FDC428D6ECE9,37CF021AC6B4A99903C547616E8A5683380D6EE1864BF836F881FDC428D6ECE9,差分放大板参考资料
hw,差分电磁放大/改进式峰值保持电路.docx,included,hardware/projects/differential-amplifier/docs/改进式峰值保持电路.docx,2026-05-26T02:57:50+08:00,489806,4AE981E881BAA0B0CD017AFCAA3D2FBD35E67F929119E402C630E6FF488377CF,C0776E83CB31FA085F8ECCFF643E5ABAA2ABFD5827AD89FF81D99A29A2E27FCB,差分放大板设计资料; 已清除 OOXML 作者/最后修改者元数据
hw,无标题.png,omitted,,2026-01-28T01:38:29+08:00,1773851,2CC96BC11F1A3DBE756D6D1225B321FF4CA0698779242D6D0C335AC25815E387,,参考图片来源与再分发许可未确认，不属于电路工程
hw,自制大功率foc.eprj,omitted,,2025-10-20T22:21:46+08:00,1507328,767943C32EFFAF25971FECD0A1FA5AC9605B4161A3F4557E05FAE779A434E7C4,,原始立创 EDA SQLite 本地库含用户凭据；公开仓库仅接收重新导出的 .epro/.epro2
hw,运算放大器.eprj2,omitted,,2026-03-29T16:50:57+08:00,1093632,4BE476927CA3FDA859892DAC27D846BFF3341486453206FBAF2128BC9D91CF0A,,原始立创 EDA SQLite 本地库含用户凭据；公开仓库仅接收重新导出的 .epro/.epro2
hw,运算放大器.eprj_backup,omitted,,2025-10-20T22:20:16+08:00,1093632,63DA8D1FF56E08A60FE5E29D0E342B5A99CDE8C1F749F1910EBF4F32C5790F3B,,原始立创 EDA SQLite 本地库含用户凭据；公开仓库仅接收重新导出的 .epro/.epro2
hw,需求/0630.zip,omitted,,2026-06-30T20:51:54+08:00,12080585,982DCB4D6E7318FFAB6D9CE1BA4EDA6E821E90DF24A48216F31A4925F58B96BF,,已解压项目集合的重复归档
hw,需求/0630/5路运算放大器（OPA377+OPA4377).eprj2,omitted,,2026-05-05T13:35:50+08:00,3084288,C385380AB4B9CBBDA258ED5FAD34081D4BEA3CB6E4EA62137095E707599BA3CA,,原始立创 EDA SQLite 本地库含用户凭据；公开仓库仅接收重新导出的 .epro/.epro2
hw,需求/0630/8051U电调.eprj2,omitted,,2026-06-29T20:29:35+08:00,1744896,50DE803AE21640393002495C782972ADDA28907F8BE5696256486519CDC2D885,,原始立创 EDA SQLite 本地库含用户凭据；公开仓库仅接收重新导出的 .epro/.epro2
hw,需求/0630/bmi270陀螺仪11.eprj2,omitted,,2026-05-29T23:54:31+08:00,532480,0F79B2AB541B71D4CE990840CB2411A5F605FA042DAD42DA9A7BB7521C71C6D9,,原始立创 EDA SQLite 本地库含用户凭据；公开仓库仅接收重新导出的 .epro/.epro2
hw,需求/0630/minifoc/ProDoc_MiniFOC(N+P)_2026-04-26.epro2,deduplicated,hardware/projects/motor-control/minifoc/ProDoc_MiniFOC(N+P)_2026-04-26__20260526-125629.epro2,2026-05-26T12:56:29+08:00,278396,0588227142B7468F99577D75115F77C1745AC4754E65EB1CB86212820105D2C1,,与发布文件字节完全相同，仅在清单保留原路径和修改时间
hw,需求/0630/minifoc/SCH_原理图N+P_2026-04-26.pdf,deduplicated,hardware/projects/motor-control/minifoc/SCH_原理图N+P_2026-04-26.pdf,2026-05-26T12:56:29+08:00,122471,B30ECA2D04A5EE8479890BD404D1A4F81922FC19ABEC834A4F317C8DE38870BE,,与发布文件字节完全相同，仅在清单保留原路径和修改时间
hw,需求/0630/minifoc/原理图及PCB(立创EDA专业版打开).zip,omitted,,2026-06-06T13:24:56+08:00,298699,3303269540214584AAB30AF4B077952533A7EE1C6FF977377F0CE4B0C1825AC8,,非制造交付的归档包不进入公开源码树；其解压内容或安全导出已单独整理
hw,需求/0630/MUX8 测试版.eprj2,omitted,,2026-05-26T03:00:11+08:00,794624,F5AC7F66431E69F84BCCF30CB8F0236235322CDF5786964931AFC8016B25C7DB,,原始立创 EDA SQLite 本地库含用户凭据；公开仓库仅接收重新导出的 .epro/.epro2
hw,需求/0630/n30主板支架.step.dxf,deduplicated,hardware/mechanical-interfaces/n30/n30主板支架__20260429-223911.dxf,2026-04-29T22:39:11+08:00,163927,A90EBF36BA882EE05EED80C3CBFACAA187B58C1E82CB7CF530E407E060C2A09E,,与发布文件字节完全相同，仅在清单保留原路径和修改时间
hw,需求/0630/readme.txt,renamed,hardware/docs/requirements/integrated-board-2026-06-30.txt,2026-06-30T20:51:42+08:00,822,9AD59EF6164450CF5D7657A6EC845CD3011F64EFED87A0E2629C05C4D1802E07,9AD59EF6164450CF5D7657A6EC845CD3011F64EFED87A0E2629C05C4D1802E07,原始集成设计需求
hw,需求/0630/差分电磁放大/PCB下单文件/BOM_Board1_PCB1_2026-05-06.xlsx,deduplicated,hardware/projects/differential-amplifier/manufacturing/BOM_Board1_PCB1_2026-05-06.xlsx,2026-05-26T02:57:50+08:00,7979,D8B66827B6D4BD27F6840115BD82D4B5A3DF66528069B47EEAA94F75BBF8F16A,,与发布文件字节完全相同，仅在清单保留原路径和修改时间
hw,需求/0630/差分电磁放大/PCB下单文件/Gerber_MUX_EMF_2026-05-06.zip,deduplicated,hardware/projects/differential-amplifier/manufacturing/Gerber_MUX_EMF_2026-05-06.zip,2026-05-26T02:57:50+08:00,66973,3332204F76F11C571DD7A8E2E5D2F6D2444962F5F22F14C1EFAD092A52F34347,,与发布文件字节完全相同，仅在清单保留原路径和修改时间
hw,需求/0630/差分电磁放大/PCB下单文件/PickAndPlace_PCB1_2026_05_06.xlsx,deduplicated,hardware/projects/differential-amplifier/manufacturing/PickAndPlace_PCB1_2026_05_06.xlsx,2026-05-26T02:57:50+08:00,8554,9126B8722846C414FFE6C99CF6831C8C0E83938D70487E1EE57DCD72F0C31666,,与发布文件字节完全相同，仅在清单保留原路径和修改时间
hw,需求/0630/差分电磁放大/差分电磁放大.zip,omitted,,2026-06-06T13:24:04+08:00,4176005,CECA34F2157CA5CA6029003893EB200A590D2BEDE649D0BC7327C937B34FCBDB,,非制造交付的归档包不进入公开源码树；其解压内容或安全导出已单独整理
hw,需求/0630/差分电磁放大/开源代码/MUX_EMF/Listings/adc.lst,omitted,,2026-05-26T02:57:49+08:00,4127,B34F025ED1A5E65434506975714F8CEEA8DD5B3FD535F9C3A791A71F213B99E0,,Keil 生成目录
hw,需求/0630/差分电磁放大/开源代码/MUX_EMF/Listings/clock.lst,omitted,,2026-05-26T02:57:49+08:00,3063,E7B2272CBEAFFF01FCDBD961A76A6DD74B48D30055CD52DF619C17A24538FE8D,,Keil 生成目录
hw,需求/0630/差分电磁放大/开源代码/MUX_EMF/Listings/main.lst,omitted,,2026-05-26T02:57:49+08:00,9077,AD7283DB6B6C7A60001330F791DA9E2309004E9199C16D2735E07CD468537801,,Keil 生成目录
hw,需求/0630/差分电磁放大/开源代码/MUX_EMF/Listings/MUX_EMF.m51,omitted,,2026-05-26T02:57:48+08:00,22943,A278A8073D750C9F7BF2220846C4950227BCAF0A4918239752838907E75B723B,,Keil 生成目录
hw,需求/0630/差分电磁放大/开源代码/MUX_EMF/Listings/port.lst,omitted,,2026-05-26T02:57:48+08:00,4561,47534D6F12DFC515CC4832B3A8DC38CE676D8250AC896B57A9DA545310156A86,,Keil 生成目录
hw,需求/0630/差分电磁放大/开源代码/MUX_EMF/Listings/uart.lst,omitted,,2026-05-26T02:57:48+08:00,8231,81F3B61270BD65311AE5AB9CCDDFA21DCFEE34AB1D3D5402FF5C606CAA6CB9E7,,Keil 生成目录
hw,需求/0630/差分电磁放大/开源代码/MUX_EMF/MUX_EMF.aic,omitted,,2026-05-26T02:57:50+08:00,38033,5618AC38B35D835D9978C2EF0FD10EACBD45FA6AEEF06B5F0A4095AEC5E4D864,,非必需的本地工具配置
hw,需求/0630/差分电磁放大/开源代码/MUX_EMF/MUX_EMF.uvgui.王昱顺,omitted,,2026-05-26T02:57:50+08:00,92888,AAD9B994518B8C11A59EB1B5BE1DA11931ADCBB916776EF668EF7C6E44348479,,Keil 用户状态文件
hw,需求/0630/差分电磁放大/开源代码/MUX_EMF/MUX_EMF.uvopt,omitted,,2026-05-26T02:57:49+08:00,7791,FDA2A62A5311860122907573B32F7022ECF778B9D6FDFA79D975BE9DD6EF907C,,Keil 用户状态文件
hw,需求/0630/差分电磁放大/开源代码/MUX_EMF/MUX_EMF.uvproj,deduplicated,hardware/projects/differential-amplifier/firmware/MUX_EMF.uvproj,2026-05-26T02:57:49+08:00,15075,287DC02E16AB5293C048B666AA8BAEFB50B1D4A4E801BE8D4AFC1ABE58A5C2AE,,与发布文件字节完全相同，仅在清单保留原路径和修改时间
hw,需求/0630/差分电磁放大/开源代码/MUX_EMF/Objects/adc.obj,omitted,,2026-05-26T02:57:50+08:00,248212,BB9207F5973C2760749964F5E456F7539F7EBC3DCEC25622095B5FF5A7997F0E,,Keil 生成目录
hw,需求/0630/差分电磁放大/开源代码/MUX_EMF/Objects/clock.obj,omitted,,2026-05-26T02:57:51+08:00,246926,C8717918218B23BED95D18A308364E786F8D53C5525A206192EED71BB30FC2B8,,Keil 生成目录
hw,需求/0630/差分电磁放大/开源代码/MUX_EMF/Objects/main.obj,omitted,,2026-05-26T02:57:51+08:00,255357,635F7DE21D343D104C4B59C4BA908ADA2D3BC8EFEBE5CFA0234921D1DD1E87B2,,Keil 生成目录
hw,需求/0630/差分电磁放大/开源代码/MUX_EMF/Objects/MUX_EMF,omitted,,2026-05-26T02:57:50+08:00,1250722,F163E570B90EC4DA034B1EA974201E5C8A261A9B0A5040D241C1F74FACD14B0D,,Keil 生成目录
hw,需求/0630/差分电磁放大/开源代码/MUX_EMF/Objects/MUX_EMF.build_log.htm,omitted,,2026-05-26T02:57:51+08:00,1021,DF9D60EAA60CF6FA4F54236FD831DF76784AFDF972676865EF99687E711C0C92,,Keil 生成目录
hw,需求/0630/差分电磁放大/开源代码/MUX_EMF/Objects/MUX_EMF.hex,omitted,,2026-05-26T02:57:51+08:00,6020,CB6078DE76B637CD6D14393206E09E0FD51B7076054C8A63E411310840934807,,Keil 生成目录
hw,需求/0630/差分电磁放大/开源代码/MUX_EMF/Objects/MUX_EMF.lnp,omitted,,2026-05-26T02:57:51+08:00,209,F215E7229F4CD76086912C76CAE5D62AA570334FB33D34C7CF58C95748E26400,,Keil 生成目录
hw,需求/0630/差分电磁放大/开源代码/MUX_EMF/Objects/port.obj,omitted,,2026-05-26T02:57:51+08:00,249048,0DA2307FD77C9831922044163F7D8141D63E24A649EECC0D893877924DE5E845,,Keil 生成目录
hw,需求/0630/差分电磁放大/开源代码/MUX_EMF/Objects/uart.obj,omitted,,2026-05-26T02:57:51+08:00,251754,1AE596CA9422BD37C406FD3FA7346AD6B70D225C309537BE6E666ED261A4FD2B,,Keil 生成目录
hw,需求/0630/差分电磁放大/开源代码/MUX_EMF/Sources/adc.c,deduplicated,hardware/projects/differential-amplifier/firmware/Sources/adc.c,2026-05-26T03:16:17+08:00,2326,A02E81DE5E5B7C6131DA4F1EF8E2CDECBDD19A4BD7C4C98F259E8E04D9A7A986,,与发布文件字节完全相同，仅在清单保留原路径和修改时间
hw,需求/0630/差分电磁放大/开源代码/MUX_EMF/Sources/clock.c,deduplicated,hardware/projects/differential-amplifier/firmware/Sources/clock.c,2026-05-26T03:15:12+08:00,1474,5FF95720D064DFBAFC22462C4899860B82C03E878A7C983801C0220B3BE7FC89,,与发布文件字节完全相同，仅在清单保留原路径和修改时间
hw,需求/0630/差分电磁放大/开源代码/MUX_EMF/Sources/inc/adc.h,deduplicated,hardware/projects/differential-amplifier/firmware/Sources/inc/adc.h,2026-05-26T02:57:51+08:00,737,2FAC6E5529E8828307C54DCAB0C2CD017974885B067A1A6D9C167349411E78B3,,与发布文件字节完全相同，仅在清单保留原路径和修改时间
hw,需求/0630/差分电磁放大/开源代码/MUX_EMF/Sources/inc/clock.h,deduplicated,hardware/projects/differential-amplifier/firmware/Sources/inc/clock.h,2026-05-26T02:57:51+08:00,521,31C75B98FB222034EFE65A7051DE69202708F8DCDB08A2456EC5345AFACA037E,,与发布文件字节完全相同，仅在清单保留原路径和修改时间
hw,需求/0630/差分电磁放大/开源代码/MUX_EMF/Sources/inc/config.h,deduplicated,hardware/projects/differential-amplifier/firmware/Sources/inc/config.h,2026-05-26T03:13:03+08:00,1217,987DD55E66369004AC99B94F30CA36B5FD2223975F73A2C2B3790C3D898EFC03,,与发布文件字节完全相同，仅在清单保留原路径和修改时间
hw,需求/0630/差分电磁放大/开源代码/MUX_EMF/Sources/inc/def.h,deduplicated,hardware/projects/differential-amplifier/firmware/Sources/inc/def.h,2026-05-26T02:57:51+08:00,4270,1CA40363DE8AF318DA17018183CA741AC511D8D93CF9BE385C80D457341659FF,,与发布文件字节完全相同，仅在清单保留原路径和修改时间
hw,需求/0630/差分电磁放大/开源代码/MUX_EMF/Sources/inc/port.h,deduplicated,hardware/projects/differential-amplifier/firmware/Sources/inc/port.h,2026-05-26T02:57:51+08:00,544,22D6B95CD51F7C362091BE30267338BA353377D93E3AA0E569E7F87AF18C096F,,与发布文件字节完全相同，仅在清单保留原路径和修改时间
hw,需求/0630/差分电磁放大/开源代码/MUX_EMF/Sources/inc/stc8h_def.h,deduplicated,hardware/projects/differential-amplifier/firmware/Sources/inc/stc8h_def.h,2026-05-26T02:57:52+08:00,185935,2873BAEBE0414F98CAED5BAFB298A14C3222D9327FEB2A999752F4A946A1A3C6,,与发布文件字节完全相同，仅在清单保留原路径和修改时间
hw,需求/0630/差分电磁放大/开源代码/MUX_EMF/Sources/inc/uart.h,deduplicated,hardware/projects/differential-amplifier/firmware/Sources/inc/uart.h,2026-05-26T02:57:52+08:00,974,E07D7EC4E2CC30D24E266A8EDBB1FD6E2A0807C1EFDFCA93C24E7E189BF45CA6,,与发布文件字节完全相同，仅在清单保留原路径和修改时间
hw,需求/0630/差分电磁放大/开源代码/MUX_EMF/Sources/main.c,deduplicated,hardware/projects/differential-amplifier/firmware/Sources/main.c,2026-05-26T03:09:32+08:00,5774,6B321935069E3CEA51E5DD2A5F7B7D386D7F854981B885DAEC10266D2D859134,,与发布文件字节完全相同，仅在清单保留原路径和修改时间
hw,需求/0630/差分电磁放大/开源代码/MUX_EMF/Sources/port.c,deduplicated,hardware/projects/differential-amplifier/firmware/Sources/port.c,2026-05-26T03:13:33+08:00,2721,DA87C83A1F7EE702D9BA4FC3A1DF3D8132C5C5E71480EC0233E2C3E0B796761C,,与发布文件字节完全相同，仅在清单保留原路径和修改时间
hw,需求/0630/差分电磁放大/开源代码/MUX_EMF/Sources/uart.c,deduplicated,hardware/projects/differential-amplifier/firmware/Sources/uart.c,2026-05-26T03:12:00+08:00,5521,2340D8024BBBB792298A04F03F1D11AFC7DDA09485A88CBC1E7BFF421F5FDE8C,,与发布文件字节完全相同，仅在清单保留原路径和修改时间
hw,需求/0630/差分电磁放大/开源工程（立创EDA专业版导入）/ProPrj_MUX_EMF 测试版_2026-05-06.epro2,deduplicated,hardware/projects/differential-amplifier/easyeda/ProPrj_MUX_EMF 测试版_2026-05-06__20260526-025748.epro2,2026-05-26T02:57:48+08:00,410034,FEE7B458092D93A2A3923629E7E1FFFC386B242FBEC776A95CA3EE4871A6D4B7,,与发布文件字节完全相同，仅在清单保留原路径和修改时间
hw,需求/0630/差分电磁放大/技术手册/FSUSB42MUX.pdf,deduplicated,hardware/projects/differential-amplifier/docs/datasheets/FSUSB42MUX.pdf,2026-05-26T02:57:51+08:00,2056005,C48130C621F5C276256CBBF99716BD4F69AAF3FDD6456A66D0737EFB971E5677,,与发布文件字节完全相同，仅在清单保留原路径和修改时间
hw,需求/0630/差分电磁放大/技术手册/ina827.pdf,deduplicated,hardware/projects/differential-amplifier/docs/datasheets/ina827.pdf,2026-05-26T02:57:51+08:00,1310485,423ED80A7C5B1ED92DCF74793A836B1CBE8D1A9E208D65C273801BEE80B014EB,,与发布文件字节完全相同，仅在清单保留原路径和修改时间
hw,需求/0630/差分电磁放大/技术手册/LRB521S 肖特基二极管.pdf,deduplicated,hardware/projects/differential-amplifier/docs/datasheets/LRB521S 肖特基二极管.pdf,2026-05-26T02:57:50+08:00,715538,37CF021AC6B4A99903C547616E8A5683380D6EE1864BF836F881FDC428D6ECE9,,与发布文件字节完全相同，仅在清单保留原路径和修改时间
hw,需求/0630/差分电磁放大/改进式峰值保持电路.docx,deduplicated,hardware/projects/differential-amplifier/docs/改进式峰值保持电路.docx,2026-05-26T02:57:50+08:00,489806,4AE981E881BAA0B0CD017AFCAA3D2FBD35E67F929119E402C630E6FF488377CF,,与发布文件字节完全相同，仅在清单保留原路径和修改时间
model,0429-130/fulan_full.las,included,mechanical/solidworks/custom-0429-130/native/fulan_full.las,2026-02-08T16:10:58+08:00,945,88618837627FF9B079ACF9FC4BA8C82C61469B0E9D2A391EB9E3B78FCFC641E3,88618837627FF9B079ACF9FC4BA8C82C61469B0E9D2A391EB9E3B78FCFC641E3,自制 0429-130 原生设计文件
model,0429-130/fulan_sensor.bak,omitted,,2026-04-12T13:54:58+08:00,39242,2604B010F7BB4D8376FC05BA01F7C0929CB086FFB4FEE2C43684228BC2A8E5F7,,CAD 自动备份；当前设计文件已单独保留
model,0429-130/fulan_sensor.dwg,included,mechanical/solidworks/custom-0429-130/native/fulan_sensor.dwg,2026-04-12T13:56:00+08:00,50439,E5F64383E66F6DB783EAB2FE41AB3563314F4748334B5531497D951D8D372F8C,E5F64383E66F6DB783EAB2FE41AB3563314F4748334B5531497D951D8D372F8C,自制 0429-130 原生设计文件
model,0429-130/fulan_sensor.dxf,included,mechanical/solidworks/custom-0429-130/exports/dxf/fulan_sensor.dxf,2026-02-10T01:21:35+08:00,155646,A68EA2E1B2C8F60BEA85C8BB9B43CDA103C3BCF6C8D34CFC0FBBC3A6AE7673D3,DE581630EA6E07EB4CE21972D9CF34F358CDBE3AE584BA4795479FD3E4B90E82,自制 0429-130 交换/制造格式; 已清除 DXF $FILENAME 绝对源路径
model,0429-130/fulan_sensor0412.dxf,included,mechanical/solidworks/custom-0429-130/exports/dxf/fulan_sensor0412.dxf,2026-04-12T13:56:26+08:00,147618,B242F7C24F524DDB307C333DE13033C93DA1ACCD165312612A5759610DABB1F5,3471B753C6BA00C47134B1671B6A0DE003B5E11D4DC845F66051B361BF89D2E3,自制 0429-130 交换/制造格式; 已清除 DXF $FILENAME 绝对源路径
model,0429-130/fulan_support.SLDPRT,included,mechanical/solidworks/custom-0429-130/native/fulan_support.SLDPRT,2026-04-14T13:25:19+08:00,140301,200B7658EDC988D0799E55A83A433485C19D6C920ECE887F143A2A6DA200CBDC,200B7658EDC988D0799E55A83A433485C19D6C920ECE887F143A2A6DA200CBDC,自制 0429-130 原生设计文件
model,0429-130/fulan_support.STL,included,mechanical/solidworks/custom-0429-130/exports/stl/fulan_support.STL,2026-02-25T21:49:16+08:00,25284,B53FED1EFD83A14C9186254C4B5A98028A6C81909BF70E90ECEE97EEFA206C6D,B53FED1EFD83A14C9186254C4B5A98028A6C81909BF70E90ECEE97EEFA206C6D,自制 0429-130 交换/制造格式
model,0429-130/fulan_support0412.STL,included,mechanical/solidworks/custom-0429-130/exports/stl/fulan_support0412.STL,2026-04-12T19:12:35+08:00,19284,A565BA88AD923EE872EBC14F80EBB30087AFB1F47617FE9F371644C0C1126208,A565BA88AD923EE872EBC14F80EBB30087AFB1F47617FE9F371644C0C1126208,自制 0429-130 交换/制造格式
model,0429-130/fulan_support0414.STL,included,mechanical/solidworks/custom-0429-130/exports/stl/fulan_support0414.STL,2026-04-14T13:25:04+08:00,18684,4F730DCEF2EE7A6A0D9FF56C014C14556183652697D9BEC4E9A38E30CF4FA52F,4F730DCEF2EE7A6A0D9FF56C014C14556183652697D9BEC4E9A38E30CF4FA52F,自制 0429-130 交换/制造格式
model,0429-130/fulan_support2.STL,included,mechanical/solidworks/custom-0429-130/exports/stl/fulan_support2.STL,2026-03-24T20:59:21+08:00,15084,5AF15964F7905B22DBDF53F398B83C0080242F4CAF91BB51D1DD2B8854C4CB6F,5AF15964F7905B22DBDF53F398B83C0080242F4CAF91BB51D1DD2B8854C4CB6F,自制 0429-130 交换/制造格式
model,0429-130/furan-fan-frame-8701-2.dxf,included,mechanical/solidworks/custom-0429-130/exports/dxf/furan-fan-frame-8701-2.dxf,2026-03-09T23:40:19+08:00,139400,5C91E2E257D32E614C386E44E7455413EC5F98A88537FDDB9D91F9BB58E34779,FC1D471EC14D23D7E6A85E8108E911109D925867EE7C9813BF96F1C3BA1CD219,自制 0429-130 交换/制造格式; 已清除 DXF $FILENAME 绝对源路径
model,0429-130/furan-fan-frame-8701.bak,omitted,,2026-03-09T23:36:03+08:00,33378,51E4A15B16D2D10A74808D2C90F61DD37F42B2BEB9E61C7E93CCE2E4CBB51536,,CAD 自动备份；当前设计文件已单独保留
model,0429-130/furan-fan-frame-8701.DWG,included,mechanical/solidworks/custom-0429-130/native/furan-fan-frame-8701.DWG,2026-03-24T18:06:31+08:00,33388,2E46AB5174312723C4931161454FF24DB2D9D9324D258904A2A5A88CE2CCDF21,2E46AB5174312723C4931161454FF24DB2D9D9324D258904A2A5A88CE2CCDF21,自制 0429-130 原生设计文件
model,0429-130/furan-fan-frame-8701.dxf,included,mechanical/solidworks/custom-0429-130/exports/dxf/furan-fan-frame-8701.dxf,2026-02-25T13:21:50+08:00,138925,81819CF91F6935591DFBDFAA30615393577AA3C03C59D6B600E17340E01B7DC8,674F00D9F0B7E21D5351CAC4F3B9A550BB580B3D2BA5F719AD5AA9A7A3DF1891,自制 0429-130 交换/制造格式; 已清除 DXF $FILENAME 绝对源路径
model,0429-130/furan-fan-frame.SLDDRW,included,mechanical/solidworks/custom-0429-130/native/furan-fan-frame.SLDDRW,2026-02-25T12:51:56+08:00,78065,3B6E30B224F3BA05382086AF76497EB3CD55BDD7AB8FD4E7D088BF923A0DFF44,3B6E30B224F3BA05382086AF76497EB3CD55BDD7AB8FD4E7D088BF923A0DFF44,自制 0429-130 原生设计文件
model,0429-130/furan-fan-frame.SLDPRT,included,mechanical/solidworks/custom-0429-130/native/furan-fan-frame.SLDPRT,2026-02-03T13:40:27+08:00,89891,91A84145335856CB22C7416C4F4EF69B3CF9B5D60713AB8A80F048949AF93024,91A84145335856CB22C7416C4F4EF69B3CF9B5D60713AB8A80F048949AF93024,自制 0429-130 原生设计文件
model,0429-130/furan-fan-frame.STL,included,mechanical/solidworks/custom-0429-130/exports/stl/furan-fan-frame.STL,2026-02-03T13:42:07+08:00,63484,0E135ECC34F2D5A2714B4DF7DB4C0B01C7C6FF0A2E7937A69EFB1D938F694990,0E135ECC34F2D5A2714B4DF7DB4C0B01C7C6FF0A2E7937A69EFB1D938F694990,自制 0429-130 交换/制造格式
model,0429-130/furan-zf_board_frame.bak,omitted,,2026-02-03T18:49:55+08:00,54720,6FC71A78D9FCE375DDBE84813AC678D3FEBAC093B1302F5447167948CE8ACA6F,,CAD 自动备份；当前设计文件已单独保留
model,0429-130/furan-zf_board_frame.DWG,included,mechanical/solidworks/custom-0429-130/native/furan-zf_board_frame.DWG,2026-02-03T18:50:46+08:00,54720,E6AF6241DBE13F44398A4150B429CD074FAF4ADF82C7978323405B11CDB29A05,E6AF6241DBE13F44398A4150B429CD074FAF4ADF82C7978323405B11CDB29A05,自制 0429-130 原生设计文件
model,0429-130/furan-zf_board_frame.dxf,included,mechanical/solidworks/custom-0429-130/exports/dxf/furan-zf_board_frame.dxf,2026-02-03T18:53:15+08:00,268529,FC6A7354D3596C5F168063E34CC5DB59026FF926B448E98A9929B487CD3A3E9B,BCEDA5D51B1DE2D98610771173E91408A7158558B0E8D171A028377BCBF94646,自制 0429-130 交换/制造格式; 已清除 DXF $FILENAME 绝对源路径
model,0429-130/furan_car.bak,omitted,,2026-01-16T23:50:55+08:00,43386,D955687E4948843573ED6C38C83B7BE4154D227891B33D3F44D47753546F72AA,,CAD 自动备份；当前设计文件已单独保留
model,0429-130/furan_car.dwg,included,mechanical/solidworks/custom-0429-130/native/furan_car.dwg,2026-02-02T21:10:08+08:00,34608,649499508B1B6A560DE629048A97F91B532A45A9184117E0F47096C2DD855090,649499508B1B6A560DE629048A97F91B532A45A9184117E0F47096C2DD855090,自制 0429-130 原生设计文件
model,0429-130/furan_car.dxf,included,mechanical/solidworks/custom-0429-130/exports/dxf/furan_car.dxf,2026-01-16T23:59:02+08:00,131860,95D97EC6989A486514547A588A309832D37324343B710DD731890F677086AD04,03962992B0316C0AF3606ED1AE05497B863004E343D8A51C4FEBCEB6AFCEA21D,自制 0429-130 交换/制造格式; 已清除 DXF $FILENAME 绝对源路径
model,0429-130/furan_car2.bak,omitted,,2026-01-24T13:42:16+08:00,41616,AED9590F75E9F722DBB894EE4AE7E87DE926DDD99327BAF5D232F4529D50A476,,CAD 自动备份；当前设计文件已单独保留
model,0429-130/furan_car2.dwg,included,mechanical/solidworks/custom-0429-130/native/furan_car2.dwg,2026-01-24T21:48:49+08:00,41680,1A4D8BA4F00AE05BA37E61A3D8536E865F3896717AE5BEC98F37348CD030BD70,1A4D8BA4F00AE05BA37E61A3D8536E865F3896717AE5BEC98F37348CD030BD70,自制 0429-130 原生设计文件
model,0429-130/furan_car2.dxf,included,mechanical/solidworks/custom-0429-130/exports/dxf/furan_car2.dxf,2026-01-17T13:27:22+08:00,136402,E8F62D8F1E0AA795F3BE86BA01AA0A0D3222B74A04FA8B1DCF468D4F55F73E92,7320A9C705DEB9F88D525AA38D59D213ADDE25753898632B7B95CB967EB71F36,自制 0429-130 交换/制造格式; 已清除 DXF $FILENAME 绝对源路径
model,0429-130/furan_sideboard2.bak,omitted,,2026-01-24T13:40:45+08:00,32368,4A2F2ED1AE4E4BF63C02B69322061F3AD78B1A634CAB4D9614267000315D9849,,CAD 自动备份；当前设计文件已单独保留
model,0429-130/furan_sideboard2.dwg,included,mechanical/solidworks/custom-0429-130/native/furan_sideboard2.dwg,2026-01-24T21:48:48+08:00,32271,7B6566CC1F302CBE4CDBD229AACAFEED33DB316DC57BE827A5AB58EA5282D252,7B6566CC1F302CBE4CDBD229AACAFEED33DB316DC57BE827A5AB58EA5282D252,自制 0429-130 原生设计文件
model,0429-130/furan_top_support_common.SLDPRT,included,mechanical/solidworks/custom-0429-130/native/furan_top_support_common.SLDPRT,2026-02-26T19:18:21+08:00,63699,3807F44DAC3BB51B58504ABA1EC7700E70D382EB47B2C9F1C4D58EA2AF608FD6,3807F44DAC3BB51B58504ABA1EC7700E70D382EB47B2C9F1C4D58EA2AF608FD6,自制 0429-130 原生设计文件
model,0429-130/furan_top_support_left.SLDPRT,included,mechanical/solidworks/custom-0429-130/native/furan_top_support_left.SLDPRT,2026-02-26T19:56:33+08:00,130336,AADA2BC0782C99EC98546E8B1DD1C8D6EF3CC233C63EA20C99082CADA140D7F1,AADA2BC0782C99EC98546E8B1DD1C8D6EF3CC233C63EA20C99082CADA140D7F1,自制 0429-130 原生设计文件
model,0429-130/furan_top_support_left.STL,included,mechanical/solidworks/custom-0429-130/exports/stl/furan_top_support_left.STL,2026-02-26T19:56:54+08:00,15384,F4210F49FEB15CD7AB453EA3F27D81F42FB703F6F986DDD2FCC517799E9E4AF9,F4210F49FEB15CD7AB453EA3F27D81F42FB703F6F986DDD2FCC517799E9E4AF9,自制 0429-130 交换/制造格式
model,0429-130/furan_top_support_right.SLDPRT,included,mechanical/solidworks/custom-0429-130/native/furan_top_support_right.SLDPRT,2026-02-26T19:36:40+08:00,116830,A82833DB26CA1A0AB32F4FB67B822AE88D16DB58F1415F844ED686D2E873F548,A82833DB26CA1A0AB32F4FB67B822AE88D16DB58F1415F844ED686D2E873F548,自制 0429-130 原生设计文件
model,0429-130/furan_top_support_rightMirror.SLDPRT,included,mechanical/solidworks/custom-0429-130/native/furan_top_support_rightMirror.SLDPRT,2026-02-26T19:54:58+08:00,50367,66C55EE0FFA915583574983ED90C95BD1558ED351EE4EDB299F0CB445A244FC1,66C55EE0FFA915583574983ED90C95BD1558ED351EE4EDB299F0CB445A244FC1,自制 0429-130 原生设计文件
model,0429-130/furan_top_support_rightMirror.STL,included,mechanical/solidworks/custom-0429-130/exports/stl/furan_top_support_rightMirror.STL,2026-02-26T19:57:28+08:00,15384,ACA7C65C1A3306E5BCEEA64D7B565B333DFFA92A24485A642104C7295F9F08A0,ACA7C65C1A3306E5BCEEA64D7B565B333DFFA92A24485A642104C7295F9F08A0,自制 0429-130 交换/制造格式
model,0429-130/lq_car.bak,omitted,,2026-01-24T21:48:46+08:00,62317,DBD6F5BA7381DF98E1C782E6959C3E01D98896FEB1864661C9C2B5057CC40B40,,CAD 自动备份；当前设计文件已单独保留
model,0429-130/lq_car.dwg,included,mechanical/solidworks/custom-0429-130/native/lq_car.dwg,2026-02-02T21:10:11+08:00,67248,92F392855B393DA43909F7B5D2EF46B18BDA1E2F7789AD384630375DC865E518,92F392855B393DA43909F7B5D2EF46B18BDA1E2F7789AD384630375DC865E518,自制 0429-130 原生设计文件
model,0429-130/lq_motor_1518_030K_A.bak,omitted,,2026-01-24T20:57:09+08:00,31568,5E6C17E76F478F6D9E8474F83DE9265305F44D7B01B247A3AA0F422A067CA7F3,,CAD 自动备份；当前设计文件已单独保留
model,0429-130/lq_motor_1518_030K_A.dwg,included,mechanical/solidworks/custom-0429-130/native/lq_motor_1518_030K_A.dwg,2026-01-24T21:48:58+08:00,35728,E939736C7D2C7962A11DF0C7B57163DC080D5CBE5B51D3A6D373DC32191AA677,E939736C7D2C7962A11DF0C7B57163DC080D5CBE5B51D3A6D373DC32191AA677,自制 0429-130 原生设计文件
model,0429-130/O1CN01fAGI2X1GXVQQHrxsM_!!2364650632.webp,omitted,,2026-01-16T19:46:46+08:00,122630,0A5CA9A45CA2A6A61C70081FA07820F52B0DA459ECDE6ABAE6BF43D3B0CCCC9A,,商品/建模参考图片来源与再分发许可未确认，不属于 3D 工程
model,0429-130/O1CN01Fb95x01rqrxh1HAZ5_!!119255683.avif,omitted,,2026-02-08T16:13:20+08:00,40539,2F0D70C89ADCA13061235DDCB92FC1A3E69CB1FAEFD04CE1EF3B359147F6B87E,,商品/建模参考图片来源与再分发许可未确认，不属于 3D 工程
model,0429-130/O1CN01nbN0Lf1rqrxXeiTbd_!!119255683.jpg,omitted,,2026-01-16T19:49:47+08:00,132007,BB4AA21C4502B42456E354781D5A379250FB42D968FE091263F3F54C1A814B1D,,商品/建模参考图片来源与再分发许可未确认，不属于 3D 工程
model,0429-130/O1CN01SWG3M61GXVQQROvuk_!!2364650632.avif,omitted,,2026-01-16T19:15:02+08:00,88729,B00DAF004A1BDEB9A39ECE0BFDE6DBADBD95AAA52EA472C6A70D2477932CB7A5,,商品/建模参考图片来源与再分发许可未确认，不属于 3D 工程
model,0429-130/O1CN01SWG3M61GXVQQROvuk_!!2364650632.jpeg,omitted,,2026-01-16T19:53:47+08:00,542241,E189C63F0531B4E1B07135181B7D3752169A883EAFFCFA239D87FD70CAEB2E17,,商品/建模参考图片来源与再分发许可未确认，不属于 3D 工程
model,0429-130/Scan2026-03-13_234830.png,omitted,,2026-03-13T23:49:26+08:00,147900842,D3ADF7F197A2D4913722B04F65A2932464B5A25D789ADCEB95B6181C84130C51,,147.9 MB 扫描参考图，不是 3D 工程且超过普通 Git 单文件限制
model,0429-130/test_Part1.SLDPRT,included,mechanical/solidworks/custom-0429-130/native/test_Part1.SLDPRT,2026-01-18T09:04:19+08:00,119111,C7688A6A19C6629AC9E817B7CCED983C9B5EA58A98C11887DF4A76915F8603EF,C7688A6A19C6629AC9E817B7CCED983C9B5EA58A98C11887DF4A76915F8603EF,自制 0429-130 原生设计文件
model,0429-130/test_Part1.STEP,included,mechanical/solidworks/custom-0429-130/exports/step/test_Part1.STEP,2026-01-18T09:05:12+08:00,26682,57F17B805E6AA9977F606B0441DAC3FF64F400C0F72D42073DBF076BF824F59D,57F17B805E6AA9977F606B0441DAC3FF64F400C0F72D42073DBF076BF824F59D,自制 0429-130 交换/制造格式
model,0429-130/一体板板框_兼容逐飞_V1.1.bak,omitted,,2026-02-03T18:05:42+08:00,42197,670D9F0CC4E8EF1E6860850EDF0988800C7DDB2E9DA58D9320C32EF73E7A83FD,,CAD 自动备份；当前设计文件已单独保留
model,0429-130/一体板板框_兼容逐飞_V1.1.DWG,included,mechanical/solidworks/custom-0429-130/native/一体板板框_兼容逐飞_V1.1.DWG,2026-02-08T16:11:37+08:00,47222,674C7D3BB00FD1E61D64D341745DCF4B2155D7376481D71617A6E53A36CDA426,674C7D3BB00FD1E61D64D341745DCF4B2155D7376481D71617A6E53A36CDA426,自制 0429-130 原生设计文件
model,0429-130/一体板板框_兼容逐飞_V1.1.SLDDRW,included,mechanical/solidworks/custom-0429-130/native/一体板板框_兼容逐飞_V1.1.SLDDRW,2026-02-02T20:25:11+08:00,173628,104D964C35FA88928BE676035AB5AEB69722D102315E7D790B0F0EA18FF640AD,104D964C35FA88928BE676035AB5AEB69722D102315E7D790B0F0EA18FF640AD,自制 0429-130 原生设计文件
model,0429-130/一体板板框_兼容逐飞_V1.1.SLDPRT,included,mechanical/solidworks/custom-0429-130/native/一体板板框_兼容逐飞_V1.1.SLDPRT,2026-02-02T20:25:10+08:00,826432,CD6444548EF30EFA471D86CB36499B6F67F88DC2DAB98EB2D2613AB64BA2757F,CD6444548EF30EFA471D86CB36499B6F67F88DC2DAB98EB2D2613AB64BA2757F,自制 0429-130 原生设计文件
model,0429-130/一体板板框_兼容逐飞_V1.1.STL,included,mechanical/solidworks/custom-0429-130/exports/stl/一体板板框_兼容逐飞_V1.1.STL,2026-02-02T21:07:02+08:00,678284,AC8BC78D4D87A561C9BB4970ACE08E4117AEEFD9CB18A67DBC3D9CC3DDF678EE,AC8BC78D4D87A561C9BB4970ACE08E4117AEEFD9CB18A67DBC3D9CC3DDF678EE,自制 0429-130 交换/制造格式
model,0429-130/逐飞负压风扇 - 副本.SLDPRT,renamed,mechanical/solidworks/custom-0429-130/native/逐飞负压风扇__20260203-022519.SLDPRT,2026-02-03T02:25:19+08:00,304631,9CAB0C1F2292CB31FDE64CA8A6EEE9AD04F067BFA4AED67CFBE073B5C4E21B98,9CAB0C1F2292CB31FDE64CA8A6EEE9AD04F067BFA4AED67CFBE073B5C4E21B98,自制 0429-130 原生设计文件; 追加源文件修改时间
model,0429-130/逐飞负压风扇 - 副本.STL,renamed,mechanical/solidworks/custom-0429-130/exports/stl/逐飞负压风扇__20260203-022557.STL,2026-02-03T02:25:57+08:00,191884,7B1ACA32A0A802FA243EE7163E5B85B2CA9EDF2CB828A9BDDEA829A815C9C119,7B1ACA32A0A802FA243EE7163E5B85B2CA9EDF2CB828A9BDDEA829A815C9C119,自制 0429-130 交换/制造格式; 追加源文件修改时间
model,0429-130/逐飞负压风扇 - 副本pt.SLDPRT,renamed,mechanical/solidworks/custom-0429-130/native/逐飞负压风扇-pt__20260319-191328.SLDPRT,2026-03-19T19:13:28+08:00,340259,C95A4EF28625C224C33969949955CCAF447559B2CBBE03963191F261A1AA83B0,C95A4EF28625C224C33969949955CCAF447559B2CBBE03963191F261A1AA83B0,自制 0429-130 原生设计文件; 追加源文件修改时间
model,0429-130/逐飞负压风扇 - 副本pt.STL,renamed,mechanical/solidworks/custom-0429-130/exports/stl/逐飞负压风扇-pt__20260319-191654.STL,2026-03-19T19:16:54+08:00,233784,32BE0C7EAB7DDB2E78BDF88C484AF8941BCF5C59D4565BBE2B581F3D18A73C91,32BE0C7EAB7DDB2E78BDF88C484AF8941BCF5C59D4565BBE2B581F3D18A73C91,自制 0429-130 交换/制造格式; 追加源文件修改时间
model,0429-130/逐飞负压风扇 pt.SLDPRT,renamed,mechanical/solidworks/custom-0429-130/native/逐飞负压风扇-pt__20260225-190421.SLDPRT,2026-02-25T19:04:21+08:00,310908,6F632167571F3E30BCCA523B950565FE15AD284290B9B4C5D3D6E465A2CA0D59,6F632167571F3E30BCCA523B950565FE15AD284290B9B4C5D3D6E465A2CA0D59,自制 0429-130 原生设计文件; 追加源文件修改时间
model,0429-130/逐飞负压风扇 pt.STL,renamed,mechanical/solidworks/custom-0429-130/exports/stl/逐飞负压风扇-pt__20260225-190454.STL,2026-02-25T19:04:54+08:00,188984,33D8B070B1B6E8D3E2173B460F74802140D03B64F41CC65FC06D9A004B38D7C4,33D8B070B1B6E8D3E2173B460F74802140D03B64F41CC65FC06D9A004B38D7C4,自制 0429-130 交换/制造格式; 追加源文件修改时间
model,0429-130/逐飞负压风扇.SLDPRT,renamed,mechanical/solidworks/custom-0429-130/native/逐飞负压风扇__20260202-195802.SLDPRT,2026-02-02T19:58:02+08:00,328417,1E30681602C8D0120E2DE4CCF840A0131193CC2ACD274E535B1A520CF7264615,1E30681602C8D0120E2DE4CCF840A0131193CC2ACD274E535B1A520CF7264615,自制 0429-130 原生设计文件; 追加源文件修改时间
model,0429-130/逐飞负压风扇.STL,renamed,mechanical/solidworks/custom-0429-130/exports/stl/逐飞负压风扇__20260202-200205.STL,2026-02-02T20:02:05+08:00,190584,37A88BE0165EB2653D57C39BF68094F698CD9F51A0701C6F791EB2FCB25D7127,37A88BE0165EB2653D57C39BF68094F698CD9F51A0701C6F791EB2FCB25D7127,自制 0429-130 交换/制造格式; 追加源文件修改时间
model,Lightweight_Car_Chassis-master.zip,omitted,,2026-04-29T21:52:57+08:00,526558,761B6E1C7A238B4A5674AE129ACABC8FC46C5621541A9BC69C6BB0905B4D3142,,已解压第三方项目的重复归档
model,Lightweight_Car_Chassis-master/.gitignore,included,mechanical/third-party/lightweight-car-chassis/.gitignore,2026-04-21T17:00:06+08:00,430,29A3DB423BF9D10E68F8950AF557DDB891F407D262A8286511FB22DF48EF458F,29A3DB423BF9D10E68F8950AF557DDB891F407D262A8286511FB22DF48EF458F,保留上游目录、README 与 GPL-3.0 许可证
model,Lightweight_Car_Chassis-master/3D文件/n30主板支架.step,included,mechanical/third-party/lightweight-car-chassis/3D文件/n30主板支架.step,2026-04-21T17:00:06+08:00,241989,E43E7E79FB4627D2FF78A0336A362446E6BAB7599BA76E8BAB624E72F6E210EF,E43E7E79FB4627D2FF78A0336A362446E6BAB7599BA76E8BAB624E72F6E210EF,保留上游目录、README 与 GPL-3.0 许可证
model,Lightweight_Car_Chassis-master/3D文件/n30侧板.step,included,mechanical/third-party/lightweight-car-chassis/3D文件/n30侧板.step,2026-04-21T17:00:06+08:00,267869,BF2E1FC72C2E65592CEE2C83E7FD51F8193D1913A96F37DCC998E8D59B7352DF,BF2E1FC72C2E65592CEE2C83E7FD51F8193D1913A96F37DCC998E8D59B7352DF,保留上游目录、README 与 GPL-3.0 许可证
model,Lightweight_Car_Chassis-master/3D文件/n30底盘.step,included,mechanical/third-party/lightweight-car-chassis/3D文件/n30底盘.step,2026-04-21T17:00:06+08:00,434702,333A244D53CFF0AD0C59E35D89C8719838A89DDA4A471647AEC3B9B91C19D9F1,333A244D53CFF0AD0C59E35D89C8719838A89DDA4A471647AEC3B9B91C19D9F1,保留上游目录、README 与 GPL-3.0 许可证
model,Lightweight_Car_Chassis-master/3D文件/n30电池挡板.step,included,mechanical/third-party/lightweight-car-chassis/3D文件/n30电池挡板.step,2026-04-21T17:00:06+08:00,70997,B54B90E5C2893C5B420C226144BE397DCBBBDEE21649E458D41A886D4B97C095,B54B90E5C2893C5B420C226144BE397DCBBBDEE21649E458D41A886D4B97C095,保留上游目录、README 与 GPL-3.0 许可证
model,Lightweight_Car_Chassis-master/3D文件/n30轮毂.step,included,mechanical/third-party/lightweight-car-chassis/3D文件/n30轮毂.step,2026-04-21T17:00:06+08:00,529065,5E8342F099E0066848E68A00CADF6F856781586274B4596D787895E2A1A7284B,5E8342F099E0066848E68A00CADF6F856781586274B4596D787895E2A1A7284B,保留上游目录、README 与 GPL-3.0 许可证
model,Lightweight_Car_Chassis-master/3D文件/电磁支架底座.SLDPRT,included,mechanical/third-party/lightweight-car-chassis/3D文件/电磁支架底座.SLDPRT,2026-05-23T19:05:10+08:00,111246,5824B0F4F1E2027D54E50CEB0B00EBEC84A63120BA2C5B97458E8B37E28733BF,5824B0F4F1E2027D54E50CEB0B00EBEC84A63120BA2C5B97458E8B37E28733BF,保留上游目录、README 与 GPL-3.0 许可证
model,Lightweight_Car_Chassis-master/3D文件/电磁支架底座.STL,included,mechanical/third-party/lightweight-car-chassis/3D文件/电磁支架底座.STL,2026-05-23T19:05:45+08:00,14684,6C28C19133739EB122858CDACB3D6C25E1E5E9D4932A3820103480B150A4D1E1,6C28C19133739EB122858CDACB3D6C25E1E5E9D4932A3820103480B150A4D1E1,保留上游目录、README 与 GPL-3.0 许可证
model,Lightweight_Car_Chassis-master/LICENSE,included,mechanical/third-party/lightweight-car-chassis/LICENSE,2026-04-21T17:00:06+08:00,35149,3972DC9744F6499F0F9B2DBF76696F2AE7AD8AF9B23DDE66D6AF86C9DFB36986,3972DC9744F6499F0F9B2DBF76696F2AE7AD8AF9B23DDE66D6AF86C9DFB36986,保留上游目录、README 与 GPL-3.0 许可证
model,Lightweight_Car_Chassis-master/n30主板支架.step.bak,omitted,,2026-04-29T22:38:40+08:00,30672,932AA9C62EE9B2A7F6398641C75C02790CCBCCEF36468C8AD409260C6D71952D,,CAD 自动备份；当前设计文件已单独保留
model,Lightweight_Car_Chassis-master/n30主板支架.step.DWG,included,mechanical/third-party/lightweight-car-chassis/n30主板支架.step.DWG,2026-04-29T22:38:47+08:00,39559,F9D2EF81CADF982CFFDDF1F4162A7A105E69D9F271A608FD88356A63D6C3C84B,F9D2EF81CADF982CFFDDF1F4162A7A105E69D9F271A608FD88356A63D6C3C84B,保留上游目录、README 与 GPL-3.0 许可证
model,Lightweight_Car_Chassis-master/n30主板支架.step.dxf,included,mechanical/third-party/lightweight-car-chassis/n30主板支架.step.dxf,2026-04-29T22:39:11+08:00,163927,A90EBF36BA882EE05EED80C3CBFACAA187B58C1E82CB7CF530E407E060C2A09E,B54AB7E9DB74F1746CC2F9B99C31971FC9B55F776B6EE8E3D3B73E4181E9D846,保留上游目录、README 与 GPL-3.0 许可证; 已清除 DXF $FILENAME 绝对源路径
model,Lightweight_Car_Chassis-master/n30主板支架.step.SLDDRW,included,mechanical/third-party/lightweight-car-chassis/n30主板支架.step.SLDDRW,2026-04-29T22:08:15+08:00,162047,EE3BD0930FD18E97C833BC3389427DF18FC384B8E404A5F5D4A5D85E3AE1A495,EE3BD0930FD18E97C833BC3389427DF18FC384B8E404A5F5D4A5D85E3AE1A495,保留上游目录、README 与 GPL-3.0 许可证
model,Lightweight_Car_Chassis-master/n30侧板.step.DWG,omitted,,2026-05-23T17:41:19+08:00,49465,26763A82F1A942C429C0FF95133E61AFF00B810FFC397AAFCF9E6F2A9CA966AA,,DWG 二进制属性嵌有本地用户名，无法在无损验证下安全清除
model,Lightweight_Car_Chassis-master/README.en.md,included,mechanical/third-party/lightweight-car-chassis/README.en.md,2026-04-21T17:00:06+08:00,1049,517FE8A6A4B72D1A6A87BE8FCE986C2CDA69402C5F3A579F89920A3E3CBF3EEE,517FE8A6A4B72D1A6A87BE8FCE986C2CDA69402C5F3A579F89920A3E3CBF3EEE,保留上游目录、README 与 GPL-3.0 许可证
model,Lightweight_Car_Chassis-master/README.md,included,mechanical/third-party/lightweight-car-chassis/README.md,2026-04-21T17:00:06+08:00,828,92A1DE2E0A703BEE63AE56FCF1FA10AF306B4011D5BAE1588111A42CCB8E8C64,92A1DE2E0A703BEE63AE56FCF1FA10AF306B4011D5BAE1588111A42CCB8E8C64,保留上游目录、README 与 GPL-3.0 许可证
model,Lightweight_Car_Chassis-master/整体图片/图片3.png,included,mechanical/third-party/lightweight-car-chassis/整体图片/图片3.png,2026-04-21T17:00:06+08:00,175329,D1311923511C03EFAE9064C2FC406B4EC3CE01F7F9C7605C6AB3D371A24C08F7,D1311923511C03EFAE9064C2FC406B4EC3CE01F7F9C7605C6AB3D371A24C08F7,保留上游目录、README 与 GPL-3.0 许可证
model,Lightweight_Car_Chassis-master/清单说明/材料清单.xlsx,included,mechanical/third-party/lightweight-car-chassis/清单说明/材料清单.xlsx,2026-04-21T17:00:06+08:00,11486,60E5793AAEFE083E89AF70954EDF00D6C439F1D704EAB7F273E495ABE849B4C6,E1C2722EFB3F9897C32E971F13C0E4C7605F18A641405E3346BDDDDA6E8B8278,保留上游目录、README 与 GPL-3.0 许可证; 已清除 OOXML 作者/最后修改者元数据
model,~$逐飞负压风扇 - 副本pt.SLDPRT,omitted,,2026-03-19T11:37:51+08:00,6,3ECAEE0504F55E657FFFF71E49C1C5BA4A353490E376190090EF5DAE9AB8C2B7,,SolidWorks/Office 锁文件
model,【3】逐飞N30微缩车模solidworks2024文件/ZFCAR/130电机支架.SLDPRT,included,mechanical/solidworks/n30-zfcar/native/130电机支架.SLDPRT,2026-04-21T13:47:41+08:00,215465,14F09146B737789278B666C1A72E93601B0A847AD25BE65231F1CCE19C28123A,14F09146B737789278B666C1A72E93601B0A847AD25BE65231F1CCE19C28123A,原生 SolidWorks 装配目录保持文件名与相对关系
model,【3】逐飞N30微缩车模solidworks2024文件/ZFCAR/Assem1 - Mirror电磁支架固定2-3.STL,included,mechanical/solidworks/n30-zfcar/exports/stl/Assem1 - Mirror电磁支架固定2-3.STL,2026-07-14T20:28:23+08:00,18084,3C96FFB107C35621165D7A0337F3D342001E616B330A2E4C9CA311A7C98103F5,3C96FFB107C35621165D7A0337F3D342001E616B330A2E4C9CA311A7C98103F5,N30 ZFCAR STL 导出
model,【3】逐飞N30微缩车模solidworks2024文件/ZFCAR/Assem1 - 电磁支架固定2-1.STL,included,mechanical/solidworks/n30-zfcar/exports/stl/Assem1 - 电磁支架固定2-1.STL,2026-07-14T20:28:23+08:00,18084,3A4B1901F3A5B2C2B5CBF985F055DDD5EFE7A53B6825A714DE79E936FB41050F,3A4B1901F3A5B2C2B5CBF985F055DDD5EFE7A53B6825A714DE79E936FB41050F,N30 ZFCAR STL 导出
model,【3】逐飞N30微缩车模solidworks2024文件/ZFCAR/Assem1.SLDASM,included,mechanical/solidworks/n30-zfcar/native/Assem1.SLDASM,2026-04-21T19:45:55+08:00,89339,E305A6474D32D3ABAEEBB1375788CF7F66E86ABC0BE4641F7658497BC1699E31,E305A6474D32D3ABAEEBB1375788CF7F66E86ABC0BE4641F7658497BC1699E31,原生 SolidWorks 装配目录保持文件名与相对关系
model,【3】逐飞N30微缩车模solidworks2024文件/ZFCAR/Assem2 - Mirror电磁支架固定21-3.STL,included,mechanical/solidworks/n30-zfcar/exports/stl/Assem2 - Mirror电磁支架固定21-3.STL,2026-07-08T22:09:15+08:00,18084,DCFCA73BDE081B3BC9001A90B83A24FD94F1B089707DB0A81299017C3ED6D3CE,DCFCA73BDE081B3BC9001A90B83A24FD94F1B089707DB0A81299017C3ED6D3CE,N30 ZFCAR STL 导出
model,【3】逐飞N30微缩车模solidworks2024文件/ZFCAR/Assem2 - 电磁支架固定2-1.STL,included,mechanical/solidworks/n30-zfcar/exports/stl/Assem2 - 电磁支架固定2-1.STL,2026-07-08T22:09:15+08:00,18084,609521D9BD1B9616D6CBC869DD797715110C3FCCAB226596A330141AF5417C37,609521D9BD1B9616D6CBC869DD797715110C3FCCAB226596A330141AF5417C37,N30 ZFCAR STL 导出
model,【3】逐飞N30微缩车模solidworks2024文件/ZFCAR/Assem2.SLDASM,included,mechanical/solidworks/n30-zfcar/native/Assem2.SLDASM,2026-07-08T22:07:00+08:00,87798,49AE7777DC4D43A25A18F1758FBBC547D1ADE2F1160A16DD3F9842BD3DA9DFE2,49AE7777DC4D43A25A18F1758FBBC547D1ADE2F1160A16DD3F9842BD3DA9DFE2,原生 SolidWorks 装配目录保持文件名与相对关系
model,【3】逐飞N30微缩车模solidworks2024文件/ZFCAR/Assem3 - Mirror电磁支架固定2-2.STL,included,mechanical/solidworks/n30-zfcar/exports/stl/Assem3 - Mirror电磁支架固定2-2.STL,2026-07-12T18:48:31+08:00,18084,C6C89115E23A25282DC969AA260F2493720D4A2E36E601E20C99B4CE69B199A3,C6C89115E23A25282DC969AA260F2493720D4A2E36E601E20C99B4CE69B199A3,N30 ZFCAR STL 导出
model,【3】逐飞N30微缩车模solidworks2024文件/ZFCAR/Assem3 - 电磁支架固定2-1.STL,included,mechanical/solidworks/n30-zfcar/exports/stl/Assem3 - 电磁支架固定2-1.STL,2026-07-12T18:48:31+08:00,18084,CF2604443FBD8A1C0D097FE0613DBB554756A3A485920401D338C163CBC05012,CF2604443FBD8A1C0D097FE0613DBB554756A3A485920401D338C163CBC05012,N30 ZFCAR STL 导出
model,【3】逐飞N30微缩车模solidworks2024文件/ZFCAR/Assem3.SLDASM,included,mechanical/solidworks/n30-zfcar/native/Assem3.SLDASM,2026-07-12T18:48:14+08:00,87559,8F1D25730E6C85FC84A84DA8D41FD530A3D20F0A5A11E4DDF698DDBAE26045C3,8F1D25730E6C85FC84A84DA8D41FD530A3D20F0A5A11E4DDF698DDBAE26045C3,原生 SolidWorks 装配目录保持文件名与相对关系
model,【3】逐飞N30微缩车模solidworks2024文件/ZFCAR/DXF文件/0制作文件.zip,omitted,,2026-04-21T13:47:40+08:00,34859,AD717D9652A88E69BBE0E64D378D3701C9778A34A36A0A2547BC582974D98D17,,已解压 DXF 制作文件的重复归档
model,【3】逐飞N30微缩车模solidworks2024文件/ZFCAR/DXF文件/130电机支架.DXF,included,mechanical/solidworks/n30-zfcar/exports/dxf/130电机支架.DXF,2026-04-21T13:47:40+08:00,30462,44659CB5123D2C5C2CCE4296901440F2F117752784FC1FDC726E715FBA7F3864,44659CB5123D2C5C2CCE4296901440F2F117752784FC1FDC726E715FBA7F3864,N30 ZFCAR DXF 导出
model,【3】逐飞N30微缩车模solidworks2024文件/ZFCAR/DXF文件/主板底板.DXF,included,mechanical/solidworks/n30-zfcar/exports/dxf/主板底板.DXF,2026-04-21T13:47:40+08:00,83409,DFE0984969176ACD9A92C26F8D00E45BADF6D5739EE35EAE586218D5FB62AB4C,DFE0984969176ACD9A92C26F8D00E45BADF6D5739EE35EAE586218D5FB62AB4C,N30 ZFCAR DXF 导出
model,【3】逐飞N30微缩车模solidworks2024文件/ZFCAR/DXF文件/主板支架.DXF,included,mechanical/solidworks/n30-zfcar/exports/dxf/主板支架.DXF,2026-04-21T13:47:40+08:00,41341,2F36C4748CE79008067223AEA4E47CA293599344B5E8099F11F1D0623D4EC019,2F36C4748CE79008067223AEA4E47CA293599344B5E8099F11F1D0623D4EC019,N30 ZFCAR DXF 导出
model,【3】逐飞N30微缩车模solidworks2024文件/ZFCAR/DXF文件/内侧板.DXF,included,mechanical/solidworks/n30-zfcar/exports/dxf/内侧板.DXF,2026-04-21T13:47:41+08:00,28674,3FF2DA7E429484CA581D99679E6A23914DBD47331989B91D9D76F24350F97EE0,3FF2DA7E429484CA581D99679E6A23914DBD47331989B91D9D76F24350F97EE0,N30 ZFCAR DXF 导出
model,【3】逐飞N30微缩车模solidworks2024文件/ZFCAR/DXF文件/外侧板.DXF,included,mechanical/solidworks/n30-zfcar/exports/dxf/外侧板.DXF,2026-04-21T13:47:41+08:00,46135,959D2F3F4B32E80AB6A4D4093E42BCD79CC6C0D421CD5F71963B3B45DB2B80ED,959D2F3F4B32E80AB6A4D4093E42BCD79CC6C0D421CD5F71963B3B45DB2B80ED,N30 ZFCAR DXF 导出
model,【3】逐飞N30微缩车模solidworks2024文件/ZFCAR/DXF文件/数量配比.txt,included,mechanical/solidworks/n30-zfcar/exports/dxf/数量配比.txt,2026-04-21T13:47:41+08:00,106,6EACCCC945188C461E9A52B2FB24C23457C60B76B4C3526A179FA483045B300F,6EACCCC945188C461E9A52B2FB24C23457C60B76B4C3526A179FA483045B300F,N30 ZFCAR DXF 导出
model,【3】逐飞N30微缩车模solidworks2024文件/ZFCAR/L型支架.SLDPRT,included,mechanical/solidworks/n30-zfcar/native/L型支架.SLDPRT,2026-04-21T13:47:41+08:00,92214,162AA88D9BD5D8521E8BE85E67C3A0D9961573E04C794C93A5312FD2868FE3A8,162AA88D9BD5D8521E8BE85E67C3A0D9961573E04C794C93A5312FD2868FE3A8,原生 SolidWorks 装配目录保持文件名与相对关系
model,【3】逐飞N30微缩车模solidworks2024文件/ZFCAR/Mirror电磁支架固定2.SLDPRT,included,mechanical/solidworks/n30-zfcar/native/Mirror电磁支架固定2.SLDPRT,2026-07-14T20:28:05+08:00,41746,276097DF3D1EBC9DBD7AA331AF74045AB73BEFACEA30A1FB79BD71ACA8AFA908,276097DF3D1EBC9DBD7AA331AF74045AB73BEFACEA30A1FB79BD71ACA8AFA908,原生 SolidWorks 装配目录保持文件名与相对关系
model,【3】逐飞N30微缩车模solidworks2024文件/ZFCAR/Mirror电磁支架固定21.SLDPRT,included,mechanical/solidworks/n30-zfcar/native/Mirror电磁支架固定21.SLDPRT,2026-07-08T22:06:58+08:00,43047,EDBDD95568C292DC894C4261A270D490958850D4B976F92C3F17A737E7FEEDAD,EDBDD95568C292DC894C4261A270D490958850D4B976F92C3F17A737E7FEEDAD,原生 SolidWorks 装配目录保持文件名与相对关系
model,【3】逐飞N30微缩车模solidworks2024文件/ZFCAR/stl0421/Mirror电磁支架固定2.3mf,included,mechanical/solidworks/n30-zfcar/exports/3mf/Mirror电磁支架固定2.3mf,2026-04-21T21:13:45+08:00,49129,27FA250864A5127FFF460CDEE85ABBB1FDD8583771F2D5DF9C23393E69EA73B3,27FA250864A5127FFF460CDEE85ABBB1FDD8583771F2D5DF9C23393E69EA73B3,N30 ZFCAR 3MF 导出
model,【3】逐飞N30微缩车模solidworks2024文件/ZFCAR/stl0421/Mirror电磁支架固定2.STL,included,mechanical/solidworks/n30-zfcar/exports/stl/Mirror电磁支架固定2.STL,2026-04-21T19:47:32+08:00,18184,DB773BA246924D348E1E3F3ADBCE3E4352BA3FFD65F6C4164B4399C32F9D97F3,DB773BA246924D348E1E3F3ADBCE3E4352BA3FFD65F6C4164B4399C32F9D97F3,N30 ZFCAR STL 导出
model,【3】逐飞N30微缩车模solidworks2024文件/ZFCAR/stl0421/主板支架.STL,renamed,mechanical/solidworks/n30-zfcar/exports/stl/主板支架__20260421-141144.STL,2026-04-21T14:11:44+08:00,224884,FC5D6273BE0BBB705C183C089BDB836D5168D997FC01078727B37434A6BDCDA0,FC5D6273BE0BBB705C183C089BDB836D5168D997FC01078727B37434A6BDCDA0,N30 ZFCAR STL 导出; 追加源文件修改时间
model,【3】逐飞N30微缩车模solidworks2024文件/ZFCAR/stl0421/支架固定1.STL,renamed,mechanical/solidworks/n30-zfcar/exports/stl/支架固定1__20260421-140613.STL,2026-04-21T14:06:13+08:00,17684,99CAD6E41C96EBEE4156F35F2CFB95FDDC02AB756ECE181ACFEF9FBD86775F8A,99CAD6E41C96EBEE4156F35F2CFB95FDDC02AB756ECE181ACFEF9FBD86775F8A,N30 ZFCAR STL 导出; 追加源文件修改时间
model,【3】逐飞N30微缩车模solidworks2024文件/ZFCAR/stl0421/电磁支架固定2.STL,renamed,mechanical/solidworks/n30-zfcar/exports/stl/电磁支架固定2__20260421-194806.STL,2026-04-21T19:48:06+08:00,18184,E4C6564396AD2E0B8E60BE7269F285998163311F11AE1699AEA0FA84304CCD60,E4C6564396AD2E0B8E60BE7269F285998163311F11AE1699AEA0FA84304CCD60,N30 ZFCAR STL 导出; 追加源文件修改时间
model,【3】逐飞N30微缩车模solidworks2024文件/ZFCAR/STL文件/130电机支架.STL,included,mechanical/solidworks/n30-zfcar/exports/stl/130电机支架.STL,2026-04-21T13:47:42+08:00,135084,9735847B2C3BC8A63B73635B9B7F66BBD22308D64FF56A2FF20E1AD5305E5F23,9735847B2C3BC8A63B73635B9B7F66BBD22308D64FF56A2FF20E1AD5305E5F23,N30 ZFCAR STL 导出
model,【3】逐飞N30微缩车模solidworks2024文件/ZFCAR/STL文件/L型支架.STL,included,mechanical/solidworks/n30-zfcar/exports/stl/L型支架.STL,2026-04-21T13:47:42+08:00,16084,AF3104535491BCBDE8A1E4ABBB221980C316B1FF22C67A333D9CDCD95E56DF83,AF3104535491BCBDE8A1E4ABBB221980C316B1FF22C67A333D9CDCD95E56DF83,N30 ZFCAR STL 导出
model,【3】逐飞N30微缩车模solidworks2024文件/ZFCAR/STL文件/主板底板.STL,included,mechanical/solidworks/n30-zfcar/exports/stl/主板底板.STL,2026-04-21T13:47:41+08:00,636084,3FBCD826BBF8CE363D34D9DBD8BE5CFDF30E263758430FA4A121F61379F821A5,3FBCD826BBF8CE363D34D9DBD8BE5CFDF30E263758430FA4A121F61379F821A5,N30 ZFCAR STL 导出
model,【3】逐飞N30微缩车模solidworks2024文件/ZFCAR/STL文件/主板支架.STL,deduplicated,mechanical/solidworks/n30-zfcar/exports/stl/主板支架__20260421-141144.STL,2026-04-21T13:47:42+08:00,224884,FC5D6273BE0BBB705C183C089BDB836D5168D997FC01078727B37434A6BDCDA0,,与发布文件字节完全相同，仅在清单保留原路径和修改时间
model,【3】逐飞N30微缩车模solidworks2024文件/ZFCAR/STL文件/内侧板.STL,included,mechanical/solidworks/n30-zfcar/exports/stl/内侧板.STL,2026-04-21T13:47:42+08:00,79084,3B231673338C8E015691201B71DB6C6BC7B9A4B5B1707189F8AB2C54CA785538,3B231673338C8E015691201B71DB6C6BC7B9A4B5B1707189F8AB2C54CA785538,N30 ZFCAR STL 导出
model,【3】逐飞N30微缩车模solidworks2024文件/ZFCAR/STL文件/圆柱.STL,included,mechanical/solidworks/n30-zfcar/exports/stl/圆柱.STL,2026-04-21T13:47:42+08:00,22084,99961ED993AD219AA36E5CE9DED3332750BD4C47C09ED3B555FE5A7B1E6631D6,99961ED993AD219AA36E5CE9DED3332750BD4C47C09ED3B555FE5A7B1E6631D6,N30 ZFCAR STL 导出
model,【3】逐飞N30微缩车模solidworks2024文件/ZFCAR/STL文件/外侧板.STL,included,mechanical/solidworks/n30-zfcar/exports/stl/外侧板.STL,2026-04-21T13:47:41+08:00,278284,E11AC7D270BDF99D3720A0233ADC5849A6501AE16741A02D12FD0615CE160A91,E11AC7D270BDF99D3720A0233ADC5849A6501AE16741A02D12FD0615CE160A91,N30 ZFCAR STL 导出
model,【3】逐飞N30微缩车模solidworks2024文件/ZFCAR/STL文件/支架固定1.STL,deduplicated,mechanical/solidworks/n30-zfcar/exports/stl/支架固定1__20260421-140613.STL,2026-04-21T13:47:42+08:00,17684,99CAD6E41C96EBEE4156F35F2CFB95FDDC02AB756ECE181ACFEF9FBD86775F8A,,与发布文件字节完全相同，仅在清单保留原路径和修改时间
model,【3】逐飞N30微缩车模solidworks2024文件/ZFCAR/STL文件/方形螺母.STL,included,mechanical/solidworks/n30-zfcar/exports/stl/方形螺母.STL,2026-04-21T13:47:42+08:00,47484,01ABE7F579FBE40E53135FDE18717E0278588D4FF67AF731DE80D3C8FE81F574,01ABE7F579FBE40E53135FDE18717E0278588D4FF67AF731DE80D3C8FE81F574,N30 ZFCAR STL 导出
model,【3】逐飞N30微缩车模solidworks2024文件/ZFCAR/STL文件/电磁支架固定2.STL,renamed,mechanical/solidworks/n30-zfcar/exports/stl/电磁支架固定2__20260421-134742.STL,2026-04-21T13:47:42+08:00,18484,313A37FA6CD5C4015145B9FB399453F2C8897F0238E19CF161820396E8AF15A8,313A37FA6CD5C4015145B9FB399453F2C8897F0238E19CF161820396E8AF15A8,N30 ZFCAR STL 导出; 追加源文件修改时间
model,【3】逐飞N30微缩车模solidworks2024文件/ZFCAR/STL文件/碳素杆.STL,included,mechanical/solidworks/n30-zfcar/exports/stl/碳素杆.STL,2026-04-21T13:47:42+08:00,8484,4B58367451E1C632F9672E8419B374E590A1F9F09C60D24ED2A8236FF508E39E,4B58367451E1C632F9672E8419B374E590A1F9F09C60D24ED2A8236FF508E39E,N30 ZFCAR STL 导出
model,【3】逐飞N30微缩车模solidworks2024文件/ZFCAR/STL文件/离心风扇.STL,included,mechanical/solidworks/n30-zfcar/exports/stl/离心风扇.STL,2026-04-21T13:47:42+08:00,83984,E9E64A12A60F51BBEFC2405E621C9A8DD98C9E795425E7C734270363DCC0E2B4,E9E64A12A60F51BBEFC2405E621C9A8DD98C9E795425E7C734270363DCC0E2B4,N30 ZFCAR STL 导出
model,【3】逐飞N30微缩车模solidworks2024文件/ZFCAR/STL文件/轮毂.STL,included,mechanical/solidworks/n30-zfcar/exports/stl/轮毂.STL,2026-04-21T13:47:42+08:00,249684,D236FE79EF3906D9EF8C77CA71CF7F39897D6F99F8710C0B1FCDB123FAAACC8A,D236FE79EF3906D9EF8C77CA71CF7F39897D6F99F8710C0B1FCDB123FAAACC8A,N30 ZFCAR STL 导出
model,【3】逐飞N30微缩车模solidworks2024文件/ZFCAR/STL文件/铜柱.STL,included,mechanical/solidworks/n30-zfcar/exports/stl/铜柱.STL,2026-04-21T13:47:42+08:00,22484,452467F21FC1593DD8C537CBDB0C50212C09F7DCE0E1706B611D0A6378D786F2,452467F21FC1593DD8C537CBDB0C50212C09F7DCE0E1706B611D0A6378D786F2,N30 ZFCAR STL 导出
model,【3】逐飞N30微缩车模solidworks2024文件/ZFCAR/~$Assem2.SLDASM,omitted,,2026-07-14T20:59:02+08:00,6,3ECAEE0504F55E657FFFF71E49C1C5BA4A353490E376190090EF5DAE9AB8C2B7,,SolidWorks/Office 锁文件
model,【3】逐飞N30微缩车模solidworks2024文件/ZFCAR/~$Assem3.SLDASM,omitted,,2026-07-14T20:58:43+08:00,6,3ECAEE0504F55E657FFFF71E49C1C5BA4A353490E376190090EF5DAE9AB8C2B7,,SolidWorks/Office 锁文件
model,【3】逐飞N30微缩车模solidworks2024文件/ZFCAR/~$Mirror电磁支架固定21.SLDPRT,omitted,,2026-07-14T20:59:03+08:00,6,3ECAEE0504F55E657FFFF71E49C1C5BA4A353490E376190090EF5DAE9AB8C2B7,,SolidWorks/Office 锁文件
model,【3】逐飞N30微缩车模solidworks2024文件/ZFCAR/~$电磁支架固定2.SLDPRT,omitted,,2026-07-14T20:26:46+08:00,6,3ECAEE0504F55E657FFFF71E49C1C5BA4A353490E376190090EF5DAE9AB8C2B7,,SolidWorks/Office 锁文件
model,【3】逐飞N30微缩车模solidworks2024文件/ZFCAR/主板底板.SLDPRT,included,mechanical/solidworks/n30-zfcar/native/主板底板.SLDPRT,2026-04-21T13:47:39+08:00,465171,7D27EDEA055D262CED20DD745EA21BDAF47922A35B95FA735E7F9E0781B83CE5,7D27EDEA055D262CED20DD745EA21BDAF47922A35B95FA735E7F9E0781B83CE5,原生 SolidWorks 装配目录保持文件名与相对关系
model,【3】逐飞N30微缩车模solidworks2024文件/ZFCAR/主板支架.SLDPRT,included,mechanical/solidworks/n30-zfcar/native/主板支架.SLDPRT,2026-04-21T14:11:51+08:00,219329,C4B5CC02B41F8C2195E4E6792C762E0CE2902CCFE7D6F325E1E4AC271ED3BC7D,C4B5CC02B41F8C2195E4E6792C762E0CE2902CCFE7D6F325E1E4AC271ED3BC7D,原生 SolidWorks 装配目录保持文件名与相对关系
model,【3】逐飞N30微缩车模solidworks2024文件/ZFCAR/内侧板.SLDPRT,included,mechanical/solidworks/n30-zfcar/native/内侧板.SLDPRT,2026-04-21T13:47:41+08:00,155415,4094ABD624314065FBE9A7247FAD8E48BCF9F1D41499033637F3791CB37B538A,4094ABD624314065FBE9A7247FAD8E48BCF9F1D41499033637F3791CB37B538A,原生 SolidWorks 装配目录保持文件名与相对关系
model,【3】逐飞N30微缩车模solidworks2024文件/ZFCAR/圆柱.SLDPRT,included,mechanical/solidworks/n30-zfcar/native/圆柱.SLDPRT,2026-04-21T13:47:41+08:00,98363,22D2808E75562ADBD752F19F6F8A543E6D5C185898E9E56B4501E7A9019C4C30,22D2808E75562ADBD752F19F6F8A543E6D5C185898E9E56B4501E7A9019C4C30,原生 SolidWorks 装配目录保持文件名与相对关系
model,【3】逐飞N30微缩车模solidworks2024文件/ZFCAR/外侧板.SLDPRT,included,mechanical/solidworks/n30-zfcar/native/外侧板.SLDPRT,2026-04-21T13:47:40+08:00,273439,BAE4C6FA2E8D53A88467C5207AD69DEE97D57A1903B6DB4F00F75B21709DD87F,BAE4C6FA2E8D53A88467C5207AD69DEE97D57A1903B6DB4F00F75B21709DD87F,原生 SolidWorks 装配目录保持文件名与相对关系
model,【3】逐飞N30微缩车模solidworks2024文件/ZFCAR/支架固定1.SLDPRT,included,mechanical/solidworks/n30-zfcar/native/支架固定1.SLDPRT,2026-07-12T16:15:46+08:00,117452,A1FA5795F8F1A6013F706E41BD6F3925895FA5323E500FAEF326EC8597D832CC,A1FA5795F8F1A6013F706E41BD6F3925895FA5323E500FAEF326EC8597D832CC,原生 SolidWorks 装配目录保持文件名与相对关系
model,【3】逐飞N30微缩车模solidworks2024文件/ZFCAR/支架固定1.STL,renamed,mechanical/solidworks/n30-zfcar/exports/stl/支架固定1__20260712-161544.STL,2026-07-12T16:15:44+08:00,18184,B5DC1A7A3ACCCA4BB249836E093CA048E05B1CE6286C717F19029E865E7A0552,B5DC1A7A3ACCCA4BB249836E093CA048E05B1CE6286C717F19029E865E7A0552,N30 ZFCAR STL 导出; 追加源文件修改时间
model,【3】逐飞N30微缩车模solidworks2024文件/ZFCAR/方形螺母.SLDPRT,included,mechanical/solidworks/n30-zfcar/native/方形螺母.SLDPRT,2026-04-21T13:47:40+08:00,169583,F35E8AD4DC24976C3B6FE726193C8A061881FC6A6B1C59173EDE1A3FE0640B46,F35E8AD4DC24976C3B6FE726193C8A061881FC6A6B1C59173EDE1A3FE0640B46,原生 SolidWorks 装配目录保持文件名与相对关系
model,【3】逐飞N30微缩车模solidworks2024文件/ZFCAR/电磁支架固定2.SLDPRT,included,mechanical/solidworks/n30-zfcar/native/电磁支架固定2.SLDPRT,2026-07-12T18:45:15+08:00,121198,3F18ABCE40B02F0FF3FF89D90DFCE5B622E207BADDD4FBD07FCA5BFFCD748B6C,3F18ABCE40B02F0FF3FF89D90DFCE5B622E207BADDD4FBD07FCA5BFFCD748B6C,原生 SolidWorks 装配目录保持文件名与相对关系
model,【3】逐飞N30微缩车模solidworks2024文件/ZFCAR/碳素杆.SLDPRT,included,mechanical/solidworks/n30-zfcar/native/碳素杆.SLDPRT,2026-04-21T13:47:40+08:00,61013,2A68F3ECCB9C4115A7F2697BBBEE6BBA392540F01AA0D00FA5E9A60658655BE6,2A68F3ECCB9C4115A7F2697BBBEE6BBA392540F01AA0D00FA5E9A60658655BE6,原生 SolidWorks 装配目录保持文件名与相对关系
model,【3】逐飞N30微缩车模solidworks2024文件/ZFCAR/离心风扇.SLDPRT,included,mechanical/solidworks/n30-zfcar/native/离心风扇.SLDPRT,2026-04-21T13:47:40+08:00,239449,A538053B3DB46D2C002AB720A9789EFD7C21FAE88A3614B8D1DADCAD2938B3FD,A538053B3DB46D2C002AB720A9789EFD7C21FAE88A3614B8D1DADCAD2938B3FD,原生 SolidWorks 装配目录保持文件名与相对关系
model,【3】逐飞N30微缩车模solidworks2024文件/ZFCAR/轮毂.SLDPRT,included,mechanical/solidworks/n30-zfcar/native/轮毂.SLDPRT,2026-04-21T13:47:40+08:00,655380,F2CA39D67F971F82987F9DC0C0658CD78BFBEA5C4D2BDF26E0299A3EDF7BD943,F2CA39D67F971F82987F9DC0C0658CD78BFBEA5C4D2BDF26E0299A3EDF7BD943,原生 SolidWorks 装配目录保持文件名与相对关系
model,【3】逐飞N30微缩车模solidworks2024文件/ZFCAR/铜柱.SLDPRT,included,mechanical/solidworks/n30-zfcar/native/铜柱.SLDPRT,2026-04-21T13:47:40+08:00,91942,BE881F69308E71A9DD17D23907EECFEC5934873E6FCAFC1D0E4A92C533E4FDE4,BE881F69308E71A9DD17D23907EECFEC5934873E6FCAFC1D0E4A92C533E4FDE4,原生 SolidWorks 装配目录保持文件名与相对关系
model,负压风扇以及电机支架（逐飞）/底板（逐飞）.bak,omitted,,2026-03-24T23:50:39+08:00,27887,61EEBB1D71172F11EA7363680970D9F43BC6C6EECB90F4734835F45949274804,,CAD 自动备份；当前设计文件已单独保留
model,负压风扇以及电机支架（逐飞）/底板（逐飞）.DWG,included,mechanical/solidworks/fan-motor-mount/native/底板（逐飞）.DWG,2026-03-24T23:50:42+08:00,31410,8DDCD9018E6DFEDCE4FB4A1168D913B896F67597638A5E799364943899276BCE,8DDCD9018E6DFEDCE4FB4A1168D913B896F67597638A5E799364943899276BCE,风扇/电机支架原生设计文件
model,负压风扇以及电机支架（逐飞）/底板（逐飞）.SLDDRW,included,mechanical/solidworks/fan-motor-mount/native/底板（逐飞）.SLDDRW,2026-03-24T17:32:39+08:00,87641,787185881E5C612AD6C0100462BA447557847A262C7579DDACACDCD6E618C93C,787185881E5C612AD6C0100462BA447557847A262C7579DDACACDCD6E618C93C,风扇/电机支架原生设计文件
model,负压风扇以及电机支架（逐飞）/底板（逐飞）.SLDPRT,included,mechanical/solidworks/fan-motor-mount/native/底板（逐飞）.SLDPRT,2026-03-24T17:32:39+08:00,143665,41DB4084EB804DCF7222ED064067BAD2DDEE4C53F02DBEA635CD55E285DE5DE7,41DB4084EB804DCF7222ED064067BAD2DDEE4C53F02DBEA635CD55E285DE5DE7,风扇/电机支架原生设计文件
model,负压风扇以及电机支架（逐飞）/底板（逐飞）.STL,included,mechanical/solidworks/fan-motor-mount/exports/stl/底板（逐飞）.STL,2026-02-11T15:02:54+08:00,113284,EB9A54BA842A3F23C49EAAA6A0A8C10B44BE404565F20AF6AFA7D14A749F6FE5,EB9A54BA842A3F23C49EAAA6A0A8C10B44BE404565F20AF6AFA7D14A749F6FE5,风扇/电机支架交换格式
model,负压风扇以及电机支架（逐飞）/底板（逐飞）furan_fan_8701.bak,omitted,,2026-03-24T18:17:04+08:00,141493,F2EA4104CF80A14488FC6688D5E50A3894452D0299D56D4FDFB555C5423AC0F0,,CAD 自动备份；当前设计文件已单独保留
model,负压风扇以及电机支架（逐飞）/底板（逐飞）furan_fan_8701.dxf,included,mechanical/solidworks/fan-motor-mount/exports/dxf/底板（逐飞）furan_fan_8701.dxf,2026-03-24T23:50:55+08:00,141529,E326BAD378EB313E1D78BC2F388E0A41DA647FB32F5A9B6AABB21CB21DBE956B,659BF779A5AEB7AFE420A0EFE74A6E008DD1498041931E33731F1216B688C594,风扇/电机支架交换格式; 已清除 DXF $FILENAME 绝对源路径
model,负压风扇以及电机支架（逐飞）/离心风机（逐飞—1.8mm）.SLDPRT,included,mechanical/solidworks/fan-motor-mount/native/离心风机（逐飞—1.8mm）.SLDPRT,2026-02-09T18:28:19+08:00,290725,BACACB32DA5CC60E58B157D9A28B98BFA5F87B1F295054F9DDDDDFAB86B5CF96,BACACB32DA5CC60E58B157D9A28B98BFA5F87B1F295054F9DDDDDFAB86B5CF96,风扇/电机支架原生设计文件
model,负压风扇以及电机支架（逐飞）/离心风机（逐飞—1.8mm）.STL,included,mechanical/solidworks/fan-motor-mount/exports/stl/离心风机（逐飞—1.8mm）.STL,2026-02-11T15:01:57+08:00,848084,3CB2DDF22DB2FD324EA26EA7FB15FAD9C41352B354945E0A116413EBA5670B46,3CB2DDF22DB2FD324EA26EA7FB15FAD9C41352B354945E0A116413EBA5670B46,风扇/电机支架交换格式
